id,name,lat,lon,state,type
1610367,"Nonopapa, Niihau Island",21.87,-160.235,HI,S
1611347,"Port Allen, Hanapepe Bay",21.9033,-159.592,HI,R
1611400,NAWILIWILI,21.9544,-159.3561,HI,R
1611401,Waimea Bay,21.9567,-159.673,HI,S
1611443,Hanamaulu Bay,21.995,-159.335,HI,S
1611683,Hanalei Bay,22.215,-159.502,HI,S
1612301,Hanauma Bay,21.275,-157.697,HI,S
1612340,HONOLULU,21.30333333333334,-157.8645277777778,HI,R
1612366,"Pearl Harbor Entrance, Bishop Point",21.33,-157.967,HI,R
1612376,Waimanalo,21.335,-157.693,HI,S
1612401,"Ford Island, Pearl Harbor",21.36750030517578,-157.96389770507812,HI,R
1612404,"Pearl Harbor, Ford Island Ferry",21.3683,-157.94,HI,R
1612480,MOKU O LOE,21.43305555555556,-157.79,HI,R
1612482,Waianae,21.445,-158.192,HI,S
1612668,"Haleiwa, Waialua Bay",21.5983,-158.108,HI,S
1613077,Kamalo Harbor,21.0483,-156.877,HI,S
1613155,Pukoo Harbor,21.0717,-156.8,HI,S
1613198,Kaunakakai,21.085,-157.032,HI,R
1613226,Kolo,21.0933,-157.197,HI,S
1614465,"Kaumalapau, Lanai Island",20.79,-156.995,HI,S
1615202,Makena,20.6567,-156.445,HI,S
1615395,Hana,20.7617,-155.987,HI,S
1615680,KAHULUI,20.89494444444445,-156.469,HI,R
1616696,Kuheia Bay,20.595,-156.607,HI,S
1617277,Mahukona,20.1867,-155.903,HI,S
1617433,Kawaihae,20.0366,-155.8294,HI,R
1617760,HILO,19.73027777777778,-155.0555555555555,HI,R
1617846,Kailua Kona,19.6433,-156.0,HI,S
1618021,"Napoopoo, Kealakekua Bay",19.4767,-155.922,HI,S
1618578,Honuapo,19.0883,-155.553,HI,S
1619000,JOHNSTON ATOLL,16.7383,-169.53,,R
1619222,"East Island, French Frigate Shoals",23.783300399780273,-166.20799255371094,HI,S
1619645,Laysan Island,25.766700744628906,-171.75,HI,S
1619910,"SAND ISLAND, MIDWAY ISLANDS",28.2116667,-177.36,,R
1630000,"APRA HARBOR, GUAM",13.44338888888889,144.6563611111111,,R
1631428,"Pago Bay, Guam",13.4283333,144.7988888888889,,R
1633227,"Tanapag Harbor, Saipan Island",15.2267,145.737,GU,R
1732417,"Papeete Harbor, Fare Ute Point",-17.535,-149.572,,R
1770000,"PAGO PAGO Harbor, Tutuila Island",-14.279999732971191,-170.69000244140625,,R
1778000,"APIA (Observatory), Upolu Island",-13.808300018310547,-171.76699829101562,AS,R
1814060,Christmas Island,1.9850000143051147,-157.4770050048828,,S
1820000,KWAJALEIN ATOLL (Kwajalein I.),8.731666564941406,167.7361145019531,,R
1840000,"CHUUK, Moen Island",7.44667,151.847,FM,R
1841275,MALAKAL HARBOR,7.33,134.463,,S
1841281,Koror,7.349999904632568,134.48300170898438,,S
1841367,"Malakal Harbor, Palau Island",7.3333001136779785,134.46670532226562,FM,R
1890000,WAKE ISLAND (U.S.),19.2905556,166.6175,,R
1910000,"SUVA HARBOR, Viti Levu Island",-18.1333,178.425,,R
2431000,Diego Garcia,-7.29,72.3933,,R
2695535,Ferry Reach (Biological Station),32.37022399902344,-64.69572448730469,,R
2695540,St. Georges Island,32.3734016418457,-64.70330047607422,,R
6835001,"Djakarta, Java",-2.201666666666667,106.8666666666667,,R
8218361,"Kumeon Bay, B.C.",54.71666666666667,-130.2166666666667,,S
8218362,"Haystack Island, B.C.",54.71666666666667,-130.6166666666667,,S
8218447,"Wales Island (Cannery), Pearse Canal",54.76666666666667,-130.55,,S
8218617,"Mill Bay, Nass River, B.C.",55.0,-129.9,,S
8410140,EASTPORT,44.90460968017578,-66.9828872680664,ME,R
8410714,Coffins Point,44.87,-67.1083,ME,R
8410715,"Garnet Point, Pennamquan River",44.9233,-67.13,ME,R
8410834,"Pettegrove Point, Dochet Island",45.12844444444445,-67.14466666666667,ME,R
8410864,"Gravelly Point, Whiting Bay",44.823299407958984,-67.15170288085938,ME,R
8410875,Birch Islands,44.875,-67.1583,ME,S
8411060,"Cutler, Little River",44.656700134277344,-67.20999908447266,ME,R
8411250,"Cutler, Naval Radio Station",44.6417,-67.2967,ME,R
8411411,"Stone Island, Machias Bay",44.6033,-67.3683,ME,S
8411467,"Machiasport, Machias River",44.6983,-67.3933,ME,S
8411696,"Shoppee Point, Englishman Bay",44.615,-67.4967,ME,S
8411801,Steele Harbor Island,44.4933,-67.5433,ME,S
8412568,"Green Island, Petit Manan Bar",44.3717,-67.87,ME,S
8412581,"Millbridge, Narraguagus River, Maine",44.54,-67.875,ME,R
8412932,Prospect Harbor,44.4,-68.0217,ME,S
8413079,"Winter Harbor, Frenchman Bay",44.3883,-68.0867,ME,S
8413320,BAR HARBOR,44.39219444444444,-68.20427777777778,ME,R
8413564,Southwest Harbor,44.275,-68.3133,ME,S
8413651,Bass Harbor,44.2417,-68.3533,ME,S
8413801,"Ellsworth, Union River",44.535,-68.4217,ME,R
8413825,"Mackerel Cove, Swans Island",44.16999816894531,-68.43499755859375,ME,R
8413857,"Burnt Coat Harbor, Swans Island",44.145,-68.45,ME,S
8414112,Blue Hill Harbor,44.4083,-68.5633,ME,S
8414168,Center Harbor,44.2633,-68.5867,ME,S
8414249,"Oceanville, Deer Isle",44.19230555555556,-68.62093055555556,ME,R
8414288,Isle Au Haut,44.0733,-68.6367,ME,S
8414348,"Stonington, Deer Isle",44.1533,-68.6617,ME,S
8414424,Little Deer Isle,44.2917,-68.6933,ME,S
8414581,"Gross Point, Eastern Channel",44.5367,-68.7583,ME,S
8414612,Bangor,44.785,-68.7667,ME,R
8414672,Castine,44.3867,-68.7967,ME,S
8414684,Bucksport,44.5717,-68.8017,ME,S
8414692,Sandy Point,44.505,-68.805,ME,S
8414721,"Fort Point, Penobscot River",44.4717,-68.8133,ME,R
8414776,"Vinalhaven, Vinalhaven Island",44.0433,-68.84,ME,S
8414781,Winterport,44.63669967651367,-68.8416976928711,ME,R
8414856,North Haven,44.1267,-68.8733,ME,S
8414876,"Matinicus Harbor, Wheaton Island",43.8617,-68.8817,ME,S
8414888,"Pulpit Harbor, North Haven Island",44.1567,-68.8867,ME,R
8415191,Belfast,44.4267,-69.005,ME,S
8415490,Rockland,44.105,-69.1017,ME,R
8415709,Thomaston,44.0717,-69.1817,ME,R
8415809,Tenants Harbor,43.965,-69.2167,ME,S
8415867,Otis Cove,43.9867,-69.2367,ME,S
8415933,Port Clyde,43.925,-69.26,ME,S
8416028,"Burnt Island, Georges Islands",43.8717,-69.295,ME,S
8416092,Monhegan Island,43.765,-69.3217,ME,S
8416141,Friendship Harbor,43.97,-69.3417,ME,S
8416224,Waldoboro,44.0933,-69.3767,ME,S
8416232,Jones Neck,44.015,-69.38,ME,S
8416381,"Muscongus Harbor, Muscongus Sound",43.9667,-69.4417,ME,S
8416501,"New Harbor, Muscongus Bay",43.875,-69.4917,ME,S
8416581,"Pemaquid Harbor, Johns Bay",43.8767,-69.525,ME,S
8416608,Newcastle,44.0333,-69.5367,ME,S
8416721,East Boothbay,43.865,-69.5833,ME,S
8416731,Walpole,43.9333,-69.58,ME,R
8416796,"Damariscove Harbor, Damariscove Island",43.7583,-69.615,ME,S
8416804,Sheepscot (below rapids),44.05,-69.6183,ME,S
8416828,Boothbay Harbor,43.85,-69.6283,ME,S
8416908,"Southport, Townsend Gut",43.8467,-69.6617,ME,S
8416921,Wiscasset,44.0,-69.6667,ME,S
8416928,Cross River entrance,43.925,-69.67,ME,S
8416961,Back River,43.9583,-69.6833,ME,S
8416968,Isle of Springs,43.86,-69.6867,ME,S
8417067,"Robinhood, Sasanoa River",43.8533,-69.7333,ME,S
8417127,"Mill Point, Sasanoa River",43.8867,-69.7633,ME,S
8417134,Gardiner,44.2333,-69.7667,ME,R
8417177,"Fort Popham, Hunniwell Point",43.755,-69.785,ME,R
8417208,Richmond,44.0883,-69.7983,ME,R
8417221,Phippsburg,43.8183,-69.81,ME,S
8417227,Bath,43.925,-69.815,ME,R
8417271,"Sturgeon Island, Merrymeeting Bay",43.9817,-69.835,ME,S
8417367,"Howard Point, New Meadows River",43.89,-69.8833,ME,S
8417377,Androscoggin River entrance,43.95,-69.8883,ME,S
8417387,"Cundy Harbor, New Meadows River",43.7883,-69.8933,ME,S
8417391,"Bowdoinham, Cathance River",44.0083,-69.895,ME,S
8417527,"Brunswick, Androscoggin River",43.9217,-69.9633,ME,S
8417553,"Wilson Cove, Middle Bay",43.825,-69.9767,ME,S
8417647,"South Harpswell, Potts Harbor",43.7383,-70.0233,ME,S
8417801,South Freeport,43.82,-70.1033,ME,S
8417821,"Cliff Island, Luckse Sound",43.695,-70.11,ME,S
8417874,Doyle Point,43.7517,-70.14,ME,S
8417881,Great Chebeague Island,43.7217,-70.1417,ME,S
8417911,Vaill Island,43.6767,-70.155,ME,S
8417941,Long Island,43.69,-70.17,ME,S
8417948,Prince Point,43.7617,-70.1733,ME,S
8417988,Great Diamond Island,43.67,-70.2,ME,S
8417997,Cushing Island,43.645,-70.1983,ME,S
8418001,Peak Island,43.655,-70.2,ME,S
8418009,Cow Island,43.69,-70.19,ME,S
8418015,Falmouth Foreside,43.7317,-70.205,ME,S
8418031,Portland Head Light,43.6233,-70.2067,ME,S
8418137,Presumpscot River Bridge,43.6867,-70.2467,ME,S
8418150,PORTLAND,43.65805555555556,-70.24416666666667,ME,R
8418175,Back Cove,43.6767,-70.255,ME,S
8418268,Fore River,43.6417,-70.285,ME,S
8418445,"Pine Point, Scarborough River",43.545,-70.3333,ME,R
8418557,Old Orchard Beach,43.5167,-70.3667,ME,S
8418606,"Camp Ellis, Saco River Entrance",43.4617,-70.3817,ME,R
8418772,Cape Porpoise,43.3667,-70.4317,ME,S
8418828,"Biddeford, Saco River",43.4917,-70.4467,ME,R
8418911,Kennebunkport,43.3583,-70.4767,ME,R
8419317,"Wells, Webhannet River",43.31999969482422,-70.56330108642578,ME,R
8419399,Cape Neddick,43.1667,-70.5933,ME,S
8419518,York Harbor,43.1317,-70.6417,ME,S
8419528,"Fort Point, York Harbor",43.13,-70.6383,ME,S
8419590,"Seapoint, Cutts Island",43.085,-70.6617,ME,S
8419688,Gerrish Island,43.0667,-70.6967,ME,S
8419807,Kittery Point,43.0817,-70.7033,ME,S
8419870,Seavey Island,43.0797222,-70.74111111111111,ME,R
8419997,Salmon Falls River,43.1917,-70.825,ME,S
8420411,"Dover, Cocheco River",43.1983,-70.8683,NH,R
8421897,Dover Point,43.1217,-70.8333,NH,S
8422687,Squamscott River RR. Bridge,43.0533,-70.9133,NH,S
8423635,Atlantic Heights,43.09,-70.7633,NH,S
8423745,Portsmouth,43.0783,-70.7517,NH,S
8423898,Fort Point,43.07170104980469,-70.71170043945312,NH,R
8424601,Jaffrey Point,43.0567,-70.7133,NH,S
8427031,"Gosport Harbor, Isles of Shoals",42.9783,-70.615,NH,S
8429489,Hampton Harbor,42.895,-70.8167,NH,S
8440273,Salisbury Point,42.8383,-70.9083,MA,R
8440369,Merrimacport,42.825,-70.9883,MA,R
8440452,"Plum Island, Merrimack River Entrance",42.8167,-70.82,MA,R
8440466,Newburyport,42.815,-70.8733,MA,R
8440889,Riverside,42.763889,-71.034028,MA,R
8441241,Plum Island Sound (south end),42.71013888888889,-70.78861111111111,MA,R
8441551,Rockport,42.6583,-70.615,MA,R
8441571,"Annisquam, Lobster Cove",42.654998779296875,-70.67669677734375,MA,R
8441771,Essex,42.6317,-70.7767,MA,R
8441841,Gloucester Harbor,42.61000061035156,-70.66000366210938,MA,R
8442417,"Beverly, Beverly Harbor",42.540000915527344,-70.88670349121094,MA,R
8442645,"Salem, Salem Harbor",42.5233,-70.8767,MA,R
8443187,"Lynn, Lynn Harbor",42.4583,-70.9433,MA,R
8443662,"Amelia Earhart Dam, Mystic River",42.395,-71.0767,MA,R
8443725,"Chelsea St. Bridge, Chelsea River",42.3867,-71.0233,MA,R
8443838,"Charlestown, Charles River entrance",42.3717,-71.055,MA,S
8443970,BOSTON,42.35388888888889,-71.05027777777778,MA,R
8444012,Deer Island (south end),42.3483,-70.96,MA,S
8444162,Boston Light,42.3283,-70.8917,MA,R
8444312,Moon Head,42.3083,-70.9917,MA,S
8444351,Hull,42.3033,-70.92,MA,S
8444488,"Neponset, Neponset River",42.285,-71.04,MA,S
8444525,"Nut Island, Quincy Bay",42.28,-70.9533,MA,R
8444601,"Nantasket Beach, Weir River",42.27,-70.86,MA,S
8444662,"Crow Point, Hingham Harbor entrance",42.2617,-70.8933,MA,S
8444762,Cohasset Harbor (White Head),42.2483,-70.785,MA,S
8444775,Hingham,42.2467,-70.885,MA,S
8444788,Weymouth Fore River Bridge,42.2483,-70.9667,MA,R
8445138,"Scituate, Scituate Harbor",42.2017,-70.7267,MA,R
8445425,"Damons Point, North River",42.16,-70.7333,MA,S
8446009,"Brant Rock, Green Harbor River",42.0833,-70.6467,MA,R
8446121,Provincetown,42.04959166666666,-70.18215833333333,MA,R
8446166,"Duxbury, Duxbury Harbor",42.0383,-70.67,MA,R
8446493,Plymouth,41.96,-70.6617,MA,R
8446613,Wellfleet,41.93,-70.0417,MA,S
8447173,"Cape Cod Canal, Sagamore",41.775,-70.535,MA,R
8447180,"Sandwich Marina, Cape Cod Canal, east entrance",41.7717,-70.5067,MA,R
8447191,"Cape Cod Canal, Bournedale",41.77,-70.5617,MA,R
8447241,"Sesuit Harbor, East Dennis",41.7517,-70.155,MA,R
8447259,"Cape Cod Canal, Bourne Bridge",41.745,-70.5933,MA,R
8447270,"Cape Cod Canal, RR. bridge",41.7417,-70.6167,MA,R
8447277,"Onset Beach, Onset Bay",41.7417,-70.6583,MA,S
8447281,"Steep Brook, Taunton River",41.74,-71.1317,MA,S
8447291,Pleasant Bay,41.7367,-69.9817,MA,S
8447295,Gray Gables,41.735,-70.6233,MA,R
8447335,"Barnstable Harbor, Beach Point",41.7217,-70.285,MA,S
8447355,Monument Beach,41.715,-70.6167,MA,S
8447368,Great Hill,41.711700439453125,-70.71499633789062,MA,R
8447385,"Marion, Sippican Harbor",41.705,-70.7617,MA,S
8447386,"Fall River, Massachusetts",41.70429992675781,-71.16410064697266,MA,R
8447416,Piney Point,41.695,-70.72,MA,R
8447435,"Chatham Harbor, Aunt Lydias Cove",41.688499450683594,-69.95110321044922,MA,R
8447436,"Georges Shoal, Texas Tower",41.6883,-67.76,MA,S
8447495,Saquatucket Harbor,41.6683,-70.0567,MA,R
8447504,"South Yarmouth, Bass River",41.665,-70.1833,MA,S
8447505,"Chatham, Stage Harbor",41.6667,-69.9667,MA,R
8447506,Wychmere Harbor,41.665000915527344,-70.06500244140625,MA,S
8447525,Dennisport,41.6583,-70.115,MA,S
8447531,"Mattapoisett, Mattapoisett Harbor",41.6567,-70.8133,MA,S
8447605,Hyannis Port,41.6317,-70.3,MA,R
8447636,"New Bedford Harbor, Marine Terminal",41.62120056152344,-70.9136962890625,MA,R
8447675,Cotuit Highlands,41.6083,-70.4367,MA,S
8447685,"Chappaquoit Point, West Falmouth Harbor",41.605,-70.6517,MA,R
8447712,Clarks Point,41.5933,-70.9,MA,R
8447742,"Poponesset Island, Poponesset Bay",41.5867,-70.4633,MA,S
8447791,"Hix Bridge, East Branch",41.57,-71.0733,MA,S
8447842,Round Hill Point,41.5383,-70.9283,MA,R
8447865,Falmouth Heights,41.545,-70.5933,MA,S
8447930,OCEANOGRAPHIC INSTITUTION,41.52361297607422,-70.67111206054688,MA,R
8447939,Little Harbor,41.52,-70.665,MA,S
8447941,Uncatena Island (south side),41.52,-70.7083,MA,S
8447975,Westport Harbor,41.5083,-71.0933,MA,S
8448157,"VINEYARD HAVEN, VINEYARD HVN HBR",41.4583,-70.6,MA,R
8448208,Oak Bluffs,41.4583,-70.555,MA,S
8448248,Penikese Island,41.45,-70.9217,MA,R
8448251,"Quicks Hole, North side",41.4483,-70.8567,MA,S
8448325,Cedar Tree Neck,41.435,-70.6967,MA,S
8448376,Cuttyhunk,41.42499923706055,-70.91670227050781,MA,S
8448558,Edgartown,41.3883,-70.5117,MA,R
8448566,Great Point,41.3867,-70.0467,MA,S
8448683,"Wasque Point, Chappaquiddick Island",41.3633,-70.45,MA,S
8448725,"Menemsha Harbor, MA",41.35444444444445,-70.76783333333333,MA,R
8448733,Gay Head,41.3533,-70.83,MA,S
8448817,"Muskeget Island, north side",41.3367,-70.305,MA,S
8448875,Martha's Vineyard GPS Buoy,41.32622222222222,-70.59033333333333,MA,R
8448942,Squibnocket Point,41.3117,-70.7683,MA,S
8449062,Eel Point,41.2917,-70.2083,MA,S
8449130,NANTUCKET,41.28499984741211,-70.0967025756836,MA,R
8449287,Nomans Land,41.2617,-70.8183,MA,S
8450768,Sakonnet,41.465,-71.1933,RI,R
8450898,"North End, Bay Oil pier",41.6517,-71.21,RI,S
8450948,Anthony Point,41.6383,-71.2117,RI,S
8450954,Nannaquaket Neck,41.6183,-71.2033,RI,S
8451301,The Glen,41.5583,-71.2367,RI,S
8451351,"Sachuest, Flint Point",41.4867,-71.2383,RI,S
8451552,Bristol Ferry,41.6367,-71.255,RI,R
8451929,"Bristol, Bristol Harbor",41.6683,-71.28,RI,S
8452154,Bristol Highlands,41.69670104980469,-71.29329681396484,RI,R
8452555,"Prudence Island, (south end)",41.58,-71.3217,RI,S
8452660,NEWPORT,41.5043333,-71.3261389,RI,R
8452944,Conimicut Light,41.71670150756836,-71.34329986572266,RI,R
8453033,"Bay Spring, Bullock Cove",41.75170135498047,-71.35169982910156,RI,R
8453201,Castle Hill,41.4633,-71.3617,RI,S
8453433,"Rumford, Seekonk River",41.84000015258789,-71.37329864501953,RI,R
8453465,Conanicut Point,41.5733,-71.3717,RI,S
8453611,"Pawtucket, Seekonk River",41.8683,-71.38,RI,S
8453742,"West Jamestown, Dutch Island Harbor",41.4967,-71.3867,RI,R
8453767,"Pawtuxet, Pawtuxet Cove",41.76169967651367,-71.38829803466797,RI,R
8453999,Beavertail Point,41.4517,-71.4017,RI,S
8454000,"Providence, State Pier no.1",41.80716666666667,-71.40066666666667,RI,R
8454049,Quonset Point,41.58679962158203,-71.41100311279297,RI,R
8454341,"Watson Pier, Boston Neck",41.46,-71.4283,RI,S
8454538,Wickford,41.5717,-71.445,RI,R
8454578,East Greenwich,41.665000915527344,-71.44499969482422,RI,R
8454658,Narragansett Pier,41.4217,-71.455,RI,S
8455083,"Point Judith, Harbor of Refuge",41.3633,-71.49,RI,R
8455137,KICKAMUIT RIVER,41.707801818847656,-71.24169921875,RI,R
8455189,"Westerly, Pawcatuck River",41.3817,-71.8317,RI,S
8458022,"Weekapaug Point, Block Island Sound",41.3283,-71.7617,RI,R
8458694,Watch Hill Point,41.305,-71.86,RI,S
8459338,Block Island (Old Harbor),41.1733,-71.5567,RI,R
8459681,"Southwest Point, Block Island",41.1633,-71.61,RI,R
8460751,"WEST MYSTIC, MYSTIC RIVER",41.343299865722656,-71.9749984741211,CT,R
8461392,Norwich,41.5233,-72.0783,CT,S
8461467,Yale boathouse,41.43,-72.0933,CT,S
8461490,"NEW LONDON, State Pier",41.371667,-72.095556,CT,R
8461925,"Niantic, Niantic River",41.325,-72.1867,CT,S
8462723,Saybrook Jetty,41.2633,-72.3433,CT,S
8462752,Saybrook Point,41.2833,-72.35,CT,S
8462764,"Lyme, highway bridge",41.3217,-72.35,CT,S
8462925,Essex,41.3483,-72.385,CT,S
8463155,Hadlyme,41.42,-72.4283,CT,S
8463348,Tylerville,41.4517,-72.465,CT,S
8463409,"Westbrook, Duck Island Roads",41.2733,-72.475,CT,S
8463582,Haddam,41.4817,-72.5067,CT,S
8463701,Clinton Harbor,41.2683,-72.5317,CT,R
8463827,Maromas,41.5417,-72.5517,CT,S
8463836,Higganum Creek,41.5033,-72.5533,CT,S
8464041,Madison,41.27,-72.59,CT,S
8464255,Rocky Hill,41.6633,-72.63,CT,S
8464336,Middletown,41.56,-72.645,CT,S
8464418,South Hartford,41.755,-72.6583,CT,S
8464445,Guilford Harbor,41.2717,-72.6667,CT,S
8464464,Hartford,41.77,-72.6683,CT,S
8464687,Sachem Head,41.245,-72.7083,CT,S
8465233,"Branford, Branford River",41.2617,-72.8183,CT,S
8465692,"Lighthouse Point, New Haven Harbor",41.2517,-72.905,CT,S
8465705,"New Haven Harbor, New Haven Reach",41.28329849243164,-72.9083023071289,CT,R
8466375,Gulf Beach,41.205,-73.0417,CT,S
8466442,Milford Harbor,41.2183,-73.055,CT,S
8466573,Shelton,41.3017,-73.0717,CT,S
8466664,Long Hill,41.275,-73.0883,CT,S
8466791,Sniffens Point,41.1867,-73.1133,CT,S
8466797,"Stratford, I-95 bridge",41.2033,-73.1117,CT,S
8467150,BRIDGEPORT,41.17581944444444,-73.18396944444444,CT,R
8467373,Black Rock Harbor,41.1567,-73.2133,CT,R
8467726,"Southport, Southport Harbor",41.1333,-73.2833,CT,R
8468191,"SAUGATUCK, SAUGATUCK RIVER",41.119998931884766,-73.36830139160156,CT,R
8468448,South Norwalk,41.0967,-73.415,CT,R
8468609,"Rowayton, Fivemile River",41.065,-73.445,CT,S
8468799,Long Neck Point,41.0383,-73.48,CT,R
8469198,Stamford,41.0383,-73.5467,CT,R
8469549,Cos Cob Harbor,41.0167,-73.5967,CT,S
8510448,Lake Montauk,41.0733,-71.935,NY,R
8510502,Montauk Harbor entrance,41.075,-71.9367,NY,S
8510560,"Montauk, Fort Pond Bay",41.0483333,-71.9594444,NY,R
8510719,"Silver Eel Pond, Fishers Island, N.Y.",41.2567,-72.03,NY,R
8510884,Little Gull Island,41.2067,-72.1017,NY,S
8511171,"Threemile Harbor entrance, Gardiners Bay",41.035,-72.19,NY,S
8511236,"Plum Gut Harbor, Plum Island",41.1717,-72.205,NY,R
8511629,Sag Harbor,41.0033,-72.2967,NY,R
8511671,Orient,41.1367,-72.3067,NY,R
8511779,Noyack Bay,40.995,-72.3317,NY,S
8511907,Greenport,41.101,-72.36116666666666,NY,R
8512053,Hashamomuck Beach,41.095,-72.3983,NY,S
8512114,Southold,41.06,-72.4133,NY,S
8512328,New Suffolk,40.9917,-72.4717,NY,S
8512354,Shinnecock Inlet (ocean),40.8367,-72.48,NY,R
8512451,Ponquoque Point,40.85,-72.5033,NY,R
8512668,Mattituck Inlet,41.01499938964844,-72.56169891357422,NY,R
8512671,Shinnecock Bay entrance,40.82,-72.5617,NY,S
8512735,South Jamesport,40.935,-72.5817,NY,R
8512769,"Shinnecock Yacht Club, Penniman Creek",40.81855555555556,-72.58661111111111,NY,R
8512987,Northville,40.9817,-72.645,NY,R
8513388,Moriches Coast Guard Station,40.7867,-72.75,NY,R
8513398,Moriches Inlet,40.76441666666667,-72.75597222222223,NY,R
8513825,"Smith Point Bridge, Narrow Bay",40.7383,-72.8683,NY,R
8514322,Patchogue,40.75035095214844,-73.01780700683594,NY,R
8514421,Mount Sinai Harbor,40.9633,-73.04,NY,S
8514422,Cedar Beach,40.965,-73.0433,NY,R
8514560,Port Jefferson,40.95000076293945,-73.07669830322266,NY,R
8514594,Port Jefferson Harbor entrance,40.9717,-73.0917,NY,S
8514779,Seaview Ferry Dock,40.64925,-73.15061111111112,NY,R
8514783,"Great River, Connetquot River",40.7233,-73.1517,NY,S
8514961,West Fire Island,40.6567,-73.205,NY,S
8515014,Fire Island Light,40.635,-73.22,NY,S
8515102,"Bay Shore, Watchogue Creek Entrance",40.7167,-73.24,NY,S
8515186,Fire Island Coast Guard Station,40.6267,-73.26,NY,R
8515228,"Democrat Point, Fire Island Inlet",40.6333,-73.2933,NY,S
8515336,Oak Beach,40.64,-73.295,NY,S
8515421,Babylon,40.685,-73.315,NY,S
8515586,"Northport, Northport Bay",40.9,-73.3533,NY,R
8515764,Gilgo Heading,40.62,-73.395,NY,S
8515786,Eatons Neck Point,40.9533,-73.4,NY,R
8515864,Amityville,40.655,-73.4183,NY,S
8515921,"Lloyd Harbor, Huntington Bay",40.91,-73.4317,NY,R
8516055,"Biltmore Shores, South Oyster Bay",40.6667,-73.4683,NY,S
8516061,Cold Spring Harbor,40.87329864501953,-73.47000122070312,NY,R
8516155,Green Island,40.6233,-73.5017,NY,R
8516201,Oyster Bay Harbor,40.8667,-73.5167,NY,S
8516211,"Bellmore, Bellmore Creek",40.6633,-73.52,NY,S
8516221,Cuba Island,40.62,-73.5233,NY,S
8516225,Deep Creek Meadow,40.6033,-73.525,NY,S
8516299,Bayville Bridge,40.9033,-73.55,NY,R
8516315,Neds Creek,40.6233,-73.555,NY,S
8516385,Jones Inlet (Point Lookout),40.5867,-73.5783,NY,S
8516402,"Point Lookout (marina), Jones Inlet",40.59388888888889,-73.58397222222223,NY,R
8516411,"Freeport, Baldwin Bay",40.6333,-73.5867,NY,S
8516501,"Baldwin, Parsonage Cove, Hempstead Bay",40.6333,-73.6167,NY,R
8516601,Long Beach (Inside),40.6,-73.65,NY,S
8516607,"Harry Tappen Marina, Hempstead Harbor",40.83461111111111,-73.65241666666667,NY,R
8516614,"Glen Cove, Hempstead Harbor",40.8633,-73.655,NY,R
8516661,"Bay Park, Hewlett Bay",40.63,-73.67,NY,R
8516663,"Long Beach, Bridgewater Yacht Club, New York",40.59633333333333,-73.65508333333334,NY,R
8516745,"Woodmere, Brosewere Bay",40.62,-73.6983,NY,S
8516761,"Port Washington, Manhasset Bay",40.8317,-73.7033,NY,R
8516881,"East Rockaway Inlet, Atlantic Beach",40.595,-73.7433,NY,R
8516891,"Norton Point, Head of Bay",40.635,-73.7467,NY,R
8516925,Motts Basin,40.6167,-73.7583,NY,S
8516945,Kings Point,40.810298919677734,-73.76490020751953,NY,R
8516990,Willets Point,40.7933,-73.7817,NY,R
8516999,J.F.K. International Airport,40.6233,-73.7833,NY,S
8517125,Whitestone,40.7983,-73.8133,NY,S
8517137,Beach Channel (bridge),40.5883,-73.82,NY,R
8517201,"North Channel Bridge, Grassy Bay",40.645,-73.8367,NY,R
8517251,"Worlds Fair Marina, Flushing Bay",40.761,-73.85036111111111,NY,R
8517276,"College Point, Flushing Bay",40.7833,-73.8567,NY,S
8517381,Canarsie,40.63,-73.885,NY,S
8517394,"Barren Island, Rockaway Inlet",40.5783,-73.8883,NY,S
8517401,"Hell Gate, Wards Island",40.7867,-73.9217,NY,S
8517519,Mill Basin,40.6083,-73.9217,NY,S
8517531,Plumb Beach Channel,40.585,-73.925,NY,S
8517673,"Hunters Point, Newtown Creek",40.74,-73.9617,NY,S
8517732,"Wallabout Bay, Brooklyn Navy Yard",40.7067,-73.975,NY,S
8517741,Coney Island,40.57,-73.9833,NY,S
8517756,"Kingsborough, Sheepshead Bay",40.581199645996094,-73.93379974365234,NY,R
8517811,"Norton Point, Gravesend Bay",40.59,-73.9983,NY,S
8517847,Brooklyn Bridge,40.7033,-73.995,NY,R
8517921,Gowanus Bay,40.665,-74.0133,NY,S
8517942,"Fort Hamilton, The Narrows",40.6083,-74.035,NY,S
8518091,Rye Beach,40.9617,-73.6717,NY,R
8518490,New Rochelle,40.8933,-73.7817,NY,S
8518526,"Throgs Neck, Fort Schuyler",40.805,-73.795,NY,R
8518621,Hunts Point,40.8,-73.8733,NY,S
8518635,North Brother Island,40.7983,-73.8983,NY,S
8518639,Port Morris (Stony Point),40.8017,-73.9067,NY,R
8518643,"Harlem River, Randalls Island",40.8,-73.9283,NY,R
8518668,"Horns Hook, East 90th Street",40.7767,-73.9417,NY,R
8518687,Queensboro Bridge,40.7583,-73.9583,NY,R
8518695,"East 41st Street, New York City",40.7467,-73.9683,NY,S
8518699,Williamsburg Bridge,40.7117,-73.9683,NY,R
8518750,NEW YORK (The Battery),40.70055389404297,-74.01416778564453,NY,R
8518902,"Dyckman Street, Ferry Slip",40.8683,-73.9333,NY,R
8518903,"Spuyten Duyvil Creek ent., N.Y.",40.8783,-73.925,NY,S
8518905,"Riverdale, N.Y.",40.9033,-73.9167,NY,S
8518919,Tarrytown,41.0783,-73.87,NY,S
8518924,Haverstraw,41.2183,-73.9633,NY,R
8518934,"Beacon, Flushkill",41.5,-73.9833,NY,R
8518935,Newburgh,41.5,-74.0067,NY,S
8518939,New Hamburg,41.5833,-73.95,NY,S
8518945,Poughkeepsie,41.7,-73.9333,NY,S
8518949,Peekskill,41.2883,-73.9317,NY,S
8518951,Hyde Park,41.7833,-73.95,NY,R
8518962,"TURKEY POINT, HUDSON RIVER",42.01390075683594,-73.93920135498047,NY,R
8518964,Tivoli,42.0583,-73.9167,NY,S
8518974,Hudson,42.25,-73.8,NY,S
8518979,"Coxsackie, Hudson River",42.352638244628906,-73.79486083984375,NY,R
8518989,Castleton,42.5333,-73.7667,NY,S
8518993,Kingston,41.9183,-73.9833,NY,S
8518995,ALBANY,42.65,-73.7467,NY,R
8519050,USCG Station NY,40.612,-74.0598611111111,NY,R
8519112,"St. George, Staten Island",40.6433,-74.0733,NY,S
8519200,"Port Ivory, Howland Hook, N.Y.",40.645,-74.18,NY,S
8519436,Great Kills Harbor,40.5433,-74.14,NY,R
8519483,"Bayonne Bridge, Bergen Point",40.63911111111111,-74.14630555555556,NY,R
8519726,Princes Bay,40.5117,-74.2,NY,S
8519789,"Rossville, N.Y.",40.5567,-74.2233,NY,S
8530095,"Alpine, N.J.",40.945,-73.9183,NJ,S
8530186,New Millford,40.935,-74.03,NJ,S
8530278,Hackensack,40.88,-74.04,NJ,S
8530398,Ridgefield Park,40.85,-74.03,NJ,S
8530403,East Rutherford,40.8467,-74.12,NJ,S
8530505,"Edgewater, N.J.",40.8133,-73.9783,NJ,S
8530528,"Carlstadt, Garretts Reach",40.8067,-74.06,NJ,S
8530531,"North Secaucus, Garretts Reach",40.805,-74.0533,NJ,S
8530586,"Fish Creek, Berrys Creek",40.7933,-74.0917,NJ,S
8530591,Belleville,40.7867,-74.1467,NJ,S
8530645,"Weehawken, Union City, N.J.",40.765,-74.0183,NJ,S
8530696,Amtrak RR. swing bridge,40.7517,-74.0967,NJ,S
8530743,Point No Point,40.7317,-74.1167,NJ,S
8530772,Kearny Point,40.7283,-74.1033,NJ,S
8530882,Port Elizabeth,40.673301696777344,-74.13999938964844,NJ,R
8530884,Port Newark Terminal,40.69,-74.1333,NJ,S
8530985,Constable Hook,40.655,-74.085,NJ,S
8531077,"Rahway River, RR. Bridge",40.5983,-74.2317,NJ,S
8531095,Carteret,40.5867,-74.21,NJ,S
8531142,"Port Reading, Arthur Kill",40.55500030517578,-74.24500274658203,NJ,R
8531156,"Woodbridge Creek, 0.8 n.mi. above entrance",40.545,-74.265,NJ,S
8531223,"Cheesequake Creek, Garden State Parkway",40.4533,-74.2733,NJ,R
8531232,South Amboy,40.4917,-74.2817,NJ,S
8531262,Keasbey,40.50830078125,-74.31169891357422,NJ,R
8531369,"Old Bridge, South River",40.41669845581055,-74.36329650878906,NJ,R
8531390,Sayreville,40.47829818725586,-74.35669708251953,NJ,R
8531463,New Brunswick,40.48830032348633,-74.43499755859375,NJ,R
8531526,"Matawan Creek, Route 35 bridge",40.4333,-74.2183,NJ,S
8531545,Keyport,40.44,-74.1983,NJ,S
8531592,Waackaack Creek,40.4483,-74.1433,NJ,S
8531662,Atlantic Highlands,40.4183,-74.035,NJ,S
8531680,"Sandy Hook, Fort Hancock",40.46689987182617,-74.0093994140625,NJ,R
8531712,"Highlands, Route 36 bridge",40.3967,-73.9817,NJ,S
8531753,"Oceanic Bridge, Navesink River",40.3767,-74.015,NJ,S
8531804,Sea Bright,40.365,-73.975,NJ,S
8531833,"Red Bank, Navesink River",40.355,-74.065,NJ,R
8531925,"Gooseneck Point, bridge",40.3267,-74.0167,NJ,S
8531942,Long Branch Reach,40.325,-73.9967,NJ,S
8531991,Long Branch (fishing pier),40.3033,-73.9767,NJ,S
8532322,Shark River Hills,40.1917,-74.0383,NJ,S
8532337,"Belmar, Atlantic Ocean",40.185,-74.0083,NJ,S
8532339,"Shark River Island, fixed RR. bridge",40.1867,-74.0267,NJ,S
8532371,New Bedford,40.1783,-74.0467,NJ,S
8532585,"Brielle, Route 35 bridge",40.105,-74.055,NJ,S
8532591,"Manasquan Inlet, USCG Station",40.1017,-74.035,NJ,S
8532611,Riviera Beach,40.0967,-74.0867,NJ,S
8532703,Forge Pond,40.065,-74.135,NJ,S
8532715,Beaverdam Creek entrance,40.0617,-74.0617,NJ,S
8532716,"Beaverdam Creek, inside",40.0617,-74.0733,NJ,S
8532721,Tall Pines Camp,40.0583,-74.1167,NJ,S
8532786,Mantoloking,40.0367,-74.0533,NJ,S
8532835,"Kettle Creek, Green Island",40.0133,-74.1133,NJ,S
8532885,Ocean Beach,39.9883,-74.0683,NJ,S
8532921,"Silver Bay, Silver Bay Marina",39.9967,-74.1483,NJ,S
8533005,Goose Creek entrance,39.9633,-74.115,NJ,S
8533051,"Toms River (town), Toms River",39.95000076293945,-74.19830322265625,NJ,R
8533055,Coates Point,39.9483,-74.115,NJ,S
8533071,"Seaside Heights, ocean",39.9433,-74.035,NJ,S
8533135,Seaside Park,39.9217,-74.0833,NJ,S
8533141,Barnegat Pier,39.9183,-74.11,NJ,S
8533185,Sloop Creek,39.905,-74.1333,NJ,S
8533295,Cedar Creek,39.87,-74.155,NJ,S
8533345,Island Beach,39.8517,-74.0883,NJ,S
8533365,Stouts Creek,39.845001220703125,-74.15170288085938,NJ,R
8533391,Forked River,39.825,-74.1733,NJ,S
8533465,Oyster Creek,39.8083,-74.1883,NJ,S
8533535,"Island Beach, Sedge Islands",39.7883,-74.0983,NJ,S
8533541,Waretown,39.7917,-74.1817,NJ,S
8533615,"Barnegat Inlet, USCG Station",39.7617,-74.1117,NJ,R
8533631,High Bar,39.7567,-74.1283,NJ,S
8533665,Double Creek,39.745,-74.2017,NJ,S
8533738,Loveladies Harbor,39.725,-74.1367,NJ,S
8533780,Flat Creek,39.7067,-74.1917,NJ,S
8533862,North Beach,39.675,-74.16,NJ,S
8533905,"Mill Creek, 1 n.mi. above entrance",39.665,-74.2317,NJ,S
8533909,Manahawkin Creek,39.6667,-74.215,NJ,S
8533935,Manahawkin Drawbridge,39.6533,-74.185,NJ,S
8533941,Cedar Run,39.6533,-74.2567,NJ,S
8533982,"Dinner Point Creek, upper end",39.6567,-74.27,NJ,S
8533987,"West Creek, Westecunk Creek",39.6317,-74.2967,NJ,S
8534002,"Sweetwater, Mullica River Marina",39.625,-74.6417,NJ,S
8534043,"Wading River (town), Wading River",39.6183,-74.4967,NJ,S
8534044,Westecunk Creek entrance,39.6133,-74.2633,NJ,S
8534048,Beach Haven Crest,39.6133,-74.21,NJ,S
8534049,"Parker Run, upper end",39.6167,-74.31,NJ,S
8534080,"Tuckerton, Tuckerton Creek",39.6017,-74.3417,NJ,S
8534104,"New Gretna, Bass River",39.5917,-74.4417,NJ,S
8534117,Green Bank,39.6117,-74.59,NJ,S
8534139,Tuckerton Creek entrance,39.5767,-74.3317,NJ,S
8534208,Beach Haven Coast Guard Station,39.5483,-74.2567,NJ,S
8534212,Chestnut Neck Boat Yard,39.5483,-74.4617,NJ,S
8534244,Graveling Point,39.540000915527344,-74.38670349121094,NJ,S
8534256,"Nacote Creek, U.S. Highway 9 bridge",39.535,-74.4633,NJ,S
8534287,Little Sheepshead Creek,39.5217,-74.32,NJ,S
8534296,"Seven Island, Newmans Thorofare",39.5167,-74.3367,NJ,S
8534319,"Tuckerton, Shooting Thorofare, Little Egg Inlet",39.50830078125,-74.32499694824219,NJ,R
8534393,Main Marsh Thorofare,39.4783,-74.3833,NJ,S
8534468,"Mays Landing, Great Egg Harbor River",39.4483,-74.7283,NJ,R
8534496,Brigantine Channel @ Hoffman Thorofare,39.435,-74.3633,NJ,S
8534540,"Absecon, Absecon Creek, U.S. Hwy. 30 bridge",39.4233,-74.5,NJ,S
8534638,"Absecon Channel, State Route 87 bridge",39.385,-74.425,NJ,S
8534657,"Pleasantville, Lakes Bay, Great Egg Harbor Inlet",39.3817,-74.5183,NJ,S
8534691,"River Bend Marina, Great Egg Harbor River",39.3683,-74.7167,NJ,S
8534720,Atlantic City (Ocean),39.356666564941406,-74.41805267333984,NJ,R
8534739,"Dock Thorofare, Risley Channel",39.3517,-74.54,NJ,S
8534770,"Ventnor City, ocean pier",39.335,-74.4767,NJ,R
8534778,"Steelmanville, Patcong Ck., 2.5 nm above ent.",39.334999084472656,-74.5967025756836,NJ,R
8534836,"Longport (inside), Great Egg Harbor Inlet",39.3083,-74.5333,NJ,R
8534883,"Tuckahoe, Tuckahoe River",39.295,-74.7483,NJ,R
8534975,Beesleys Point,39.2883,-74.6283,NJ,S
8535001,"Cedar Swamp Creek, Tuckahoe River",39.2467,-74.7183,NJ,S
8535055,"Bivalve, Maurice River",39.23249816894531,-75.03279876708984,NJ,R
8535101,"Middle Thorofare, Ocean Drive bridge",39.215,-74.6483,NJ,S
8535163,"Strathmere, Strathmere Bay",39.2,-74.6567,NJ,S
8535221,"Ludlam Bay, west side",39.1767,-74.71,NJ,S
8535309,Townsend Sound,39.1467,-74.75,NJ,S
8535357,Stites Sound,39.12,-74.755,NJ,S
8535375,Ocean Drive bridge,39.1217,-74.7167,NJ,R
8535419,Ingram Thorofare,39.11,-74.7383,NJ,S
8535451,"Long Reach, Ingram Thorofare",39.1017,-74.755,NJ,S
8535581,"Stone Harbor, Great Channel",39.05670166015625,-74.76499938964844,NJ,R
8535661,"Nummy Island, Grassy Sound Channel",39.0283,-74.8017,NJ,S
8535695,"Old Turtle Thorofare, RR. bridge",39.0183,-74.8417,NJ,S
8535726,"West Wildwood, Grassy Sound",39.005,-74.8267,NJ,S
8535805,"Swain Channel, Taylor Sound",38.98,-74.8633,NJ,S
8535835,"Wildwood Crest, ocean pier",38.975,-74.8233,NJ,R
8535838,"Wildwood Crest, Sunset Lake",38.9783,-74.8367,NJ,S
8535901,Cape May Harbor,38.9483,-74.8917,NJ,S
8535902,"Cape Island Creek, Cape May",38.9467,-74.9133,NJ,S
8535962,"Cape May, Atlantic Ocean",38.93,-74.935,NJ,S
8536021,"Cape May Point, Sunset Beach",38.9467,-74.9717,NJ,S
8536110,"Cape May, ferry terminal",38.968299865722656,-74.95999908447266,NJ,R
8536271,North Highlands Beach,39.0183,-74.9533,NJ,S
8536449,"Dias Creek, Route 47 bridge",39.0833,-74.8867,NJ,S
8536551,"Bidwell Creek, Route 47 bridge",39.1183,-74.8683,NJ,S
8536581,Bidwell Creek entrance,39.1283,-74.8917,NJ,R
8536687,"Sluice Creek, Route 47 bridge, Dennis Creek",39.1617,-74.8317,NJ,S
8536736,"Dennis Creek, 2.5 n.mi. above entrance",39.1783,-74.8517,NJ,S
8536752,"Dennis Creek, Route 47 bridge",39.1833,-74.8217,NJ,S
8536764,"West Creek, 0.7 n.mi. above entrance",39.1883,-74.915,NJ,S
8536780,"East Point, Maurice River Cove",39.2,-75.02,NJ,S
8536801,"Riggins Ditch, 0.5 n.mi. above entrance",39.2,-74.97,NJ,S
8536823,"East Creek, Route 47 bridge",39.2083,-74.9017,NJ,S
8536848,Fishing Creek entrance,39.2167,-75.1583,NJ,S
8536849,Dividing Creek entrance,39.2167,-75.1033,NJ,S
8536851,"West Creek, Route 47 bridge",39.2167,-74.925,NJ,S
8536855,"Riggins Ditch, Heislerville",39.2183,-74.98,NJ,S
8536931,Fortescue Creek,39.2383,-75.175,NJ,R
8536935,"Weir Creek bridge, Dividing Creek",39.25,-75.1283,NJ,S
8537026,"Hollywood Beach, The Glades",39.275,-75.1417,NJ,S
8537052,"Money Island, Nantuxent Creek entrance",39.285,-75.2383,NJ,S
8537059,Mauricetown,39.285,-74.9917,NJ,S
8537079,"Newport Landing, Nantuxent Creek",39.2917,-75.1983,NJ,S
8537101,"Cedar Creek entrance, Nantuxent Cove",39.2983,-75.2467,NJ,S
8537116,"Back Creek entrance, Nantuxent Cove",39.305,-75.2783,NJ,S
8537121,Ship John Shoal,39.30538888888889,-75.37667777777777,NJ,R
8537147,"Port Elizabeth, Manumuskin River",39.3133,-74.985,NJ,S
8537242,Menantico Creek entrance,39.3433,-75.0083,NJ,S
8537353,"Tindalls Wharf, Cohansey River",39.3783,-75.235,NJ,S
8537359,Millville,39.3917,-75.0417,NJ,S
8537374,"Greenwich Pier, Cohansey River",39.3833,-75.35,NJ,S
8537416,"Stathems Neck, Stow Creek, N.J.",39.4067,-75.405,NJ,S
8537488,"Pine Island, Malapartis Creek, N.J.",39.4217,-75.4283,NJ,S
8537489,"Raccoon Ditch, Newport Meadows, Stow Creek, N.J.",39.4217,-75.3817,NJ,S
8537535,"1 n.mi. above entrance, N.J.",39.4317,-75.4467,NJ,S
8537562,"Canton, Stow Creek, N.J.",39.4617,-75.4033,NJ,S
8537614,"Artificial Island, Salem Nuclear Plant, N.J.",39.46,-75.5317,NJ,S
8537667,"Hope Creek, 0.6 n.mi. above entrance, N.J.",39.4583,-75.495,NJ,S
8537731,0.8 n.mi. above entrance,39.4967,-75.5167,NJ,S
8537753,2.5 n.mi. above entrance,39.505,-75.4833,NJ,S
8537774,Abbots Meadow,39.5117,-75.4933,NJ,S
8537779,Coopers Creek bridge,39.5133,-75.4467,NJ,S
8537889,Quinton,39.5483,-75.415,NJ,S
8537961,Sinnickson Landing,39.57,-75.4983,NJ,S
8537979,Salem,39.5767,-75.4767,NJ,S
8538231,"Salem Canal entrance, N.J.",39.6833,-75.51,NJ,S
8538274,"Auburn, Oldmans Creek, N.J.",39.715,-75.36,NJ,S
8538369,"Pedricktown, Oldmans Creek, N.J.",39.7617,-75.4033,NJ,S
8538438,"Mantua, Mantua Creek, N.J.",39.795,-75.1767,NJ,S
8538449,"Bridgeport, Raccoon Creek, N.J.",39.8067,-75.355,NJ,S
8538512,"Paulsboro, Mantua Creek, N.J.",39.835,-75.2383,NJ,R
8538548,"Woodbury Creek, N.J.",39.86,-75.1867,NJ,S
8538552,"Billingsport, N.J.",39.85,-75.25,NJ,S
8538601,"Westville, Rt. 47 bridge, Big Timber Creek, N.J.",39.8733,-75.1233,NJ,S
8538752,"Pavonia, Cooper River, RR. bridge, N.J.",39.9467,-75.105,NJ,S
8538824,"Hainesport, South Branch",39.9783,-74.8233,NJ,S
8538848,North Branch,39.9983,-74.8183,NJ,S
8538853,"Palmyra, Pennsauken Creek, Route 73 bridge, N.J.",39.9933,-75.0283,NJ,S
8538875,"Pompeston Creek, N.J.",40.0133,-75.0083,NJ,S
8538886,Tacony-Palmyra Bridge,40.01190185546875,-75.04299926757812,NJ,R
8538921,Bridgeboro,40.0283,-74.9317,NJ,S
8539058,"Assiscunk Creek, Route 130 bridge, N.J.",40.0733,-74.8483,NJ,S
8539094,"Burlington, N.J.",40.08169937133789,-74.86969757080078,NJ,R
8539487,"Fieldsboro, N.J.",40.1367,-74.7367,NJ,R
8539993,"Trenton, N.J.",40.1883,-74.755,NJ,R
8540433,"Marcus Hook, Pa.",39.81180555555556,-75.4095,PA,R
8542425,Wanamaker Bridge,39.8767,-75.305,PA,S
8542699,Norwood City,39.88,-75.29,PA,S
8542885,Tinicum National Wildlife Refuge,39.8783,-75.2767,PA,S
8543024,Tinicum National Wildlife Refuge,39.8867,-75.265,PA,S
8543925,Penrose Avenue Bridge,39.8983,-75.2117,PA,S
8545120,Market Street Bridge,39.955,-75.18,PA,S
8545240,"PHILADELPHIA, US Coast Guard Station, Pa.",39.93305555555556,-75.14198055555556,PA,R
8545530,"Philadelphia, Municipal Pier 11, Pa.",39.9533,-75.1383,PA,R
8546252,"Bridesburg, Philadelphia, Pa.",39.97968333333333,-75.07931666666667,PA,R
8547333,"Cornwells Heights, Pa.",40.0683,-74.9383,PA,S
8548989,"Newbold, Pa.",40.13733333333333,-74.75183333333334,PA,R
8549424,"Edgely, Pa.",40.1283,-74.8233,PA,S
8550438,"Edgemoor, Del.",39.75,-75.4933,DE,S
8550658,"Millside, RR. bridge",39.725,-75.56,DE,S
8550714,Wilmington Marine Terminal,39.7183,-75.52,DE,S
8551201,"New Castle, Delaware",39.6567,-75.5617,DE,S
8551702,"Pea Patch Island, Bulkhead Shoal Channel, Del.",39.5833,-75.5733,DE,S
8551762,Delaware City,39.58219444444445,-75.58897222222222,DE,R
8551851,Delaware City Branch Channel bridge,39.57,-75.59,DE,S
8551910,REEDY POINT,39.5583333,-75.5719444,DE,R
8551973,"St. Georges, Delaware",39.555,-75.6483,DE,S
8552125,"Summit Bridge, Delaware",39.5333,-75.7333,DE,S
8553069,"Taylors Bridge, Blackbird Creek, Del.",39.405,-75.5983,DE,S
8553501,"Woodland Beach, Del.",39.3333,-75.4667,DE,S
8554038,"Leipsic, Leipsic River",39.245,-75.5183,DE,S
8554399,Mahon River entrance,39.185,-75.4,DE,R
8555388,Murderkill River entrance,39.0583,-75.3967,DE,S
8555889,Brandywine Shoal Light,38.98666666666667,-75.11333333333333,DE,R
8556198,Mispillion River entrance,38.945,-75.3133,DE,S
8557380,LEWES (BREAKWATER HARBOR),38.78283333333334,-75.11927777777778,DE,R
8557863,Rehoboth Beach,38.72,-75.0833,DE,S
8558690,Indian River Inlet (Coast Guard Station),38.61,-75.07,DE,R
8558814,"Rosedale Beach, Indian River",38.59149932861328,-75.21160125732422,DE,R
8559957,Little Assawoman Bay,38.45500183105469,-75.05829620361328,DE,R
8570255,"Keydash, Isle of Wight Bay",38.3417,-75.085,MD,S
8570280,OCEAN CITY (FISHING PIER),38.3267,-75.0833,MD,R
8570282,Ocean City (Isle of Wight Bay),38.3317,-75.09,MD,S
8570283,Ocean City Inlet,38.32833,-75.09166666666667,MD,R
8570536,"South Point, Sinepuxent Neck",38.215,-75.1917,MD,R
8570649,Public Landing,38.1483,-75.285,MD,R
8570691,Buntings Bridge,38.13894444444445,-75.18352777777778,MD,R
8571072,"Ape Hole Creek, Pocomoke Sound",37.96169,-75.82169,MD,S
8571091,"Crisfield, Little Annemessex River",37.9767,-75.8633,MD,R
8571097,Shelltown,37.98,-75.6383,MD,S
8571117,"Ewell, Smith Island",37.995,-76.0317,MD,R
8571181,"Colburn Creek, Big Annemessex River",38.0483,-75.8033,MD,S
8571201,"Long Point, Big Annemessex River",38.0567,-75.8033,MD,S
8571214,Holland Island Bar Light,38.0683,-76.0967,MD,S
8571269,"Teague Creek, Manokin River",38.1083,-75.8383,MD,S
8571351,Chance,38.1717,-75.945,MD,S
8571359,"Snowhill, city park",38.17833,-75.39666666666666,MD,R
8571396,Sharkfin Shoal Light,38.2017,-75.9867,MD,S
8571402,Hooper Strait Light,38.2267,-76.0767,MD,S
8571416,"Great Shoals Light, Monie Bay",38.2167,-75.8833,MD,S
8571421,"Bishops Head, Hooper Strait",38.22,-76.0383,MD,R
8571476,Roaring Point,38.2617,-75.92,MD,S
8571485,Whitehaven,38.2683,-75.7883,MD,S
8571519,Middle Hooper Island,38.2967,-76.205,MD,S
8571559,"McCready's Creek, Fishing Bay",38.29999923706055,-76.00499725341797,MD,R
8571579,Barren Island,38.3417,-76.265,MD,R
8571616,"Salisbury, Wicomico River",38.3650016784668,-75.60669708251953,MD,R
8571702,"Smithville Road Bridge, Beaverdam Creek",38.42833,-76.23666666666666,MD,R
8571752,"Taylors Island, Slaughter Creek",38.4667,-76.295,MD,S
8571773,Vienna,38.48333,-75.81833333333333,MD,R
8571807,"Woolford, Church Creek",38.5067,-76.1733,MD,S
8571858,Sharptown,38.54499816894531,-75.72329711914062,MD,R
8571881,"Cherry Island, Beckwiths Creek",38.5617,-76.2083,MD,S
8571892,Cambridge,38.5725,-76.0616667,MD,R
8571901,"Avalon, Dogwood Harbor",38.71,-76.335,MD,S
8571944,Dover Bridge,38.7567,-75.9983,MD,S
8571979,"Tilghman Island, Ferry Cove, Eastern Bay",38.765,-76.3283,MD,S
8572108,Oxford,38.6933,-76.1733,MD,S
8572204,"Deep Neck Point, Broad Creek",38.7317,-76.235,MD,S
8572271,Poplar Island,38.75833333333333,-76.375,MD,R
8572296,Easton Point,38.7683,-76.095,MD,S
8572313,"St. Michaels, San Domingo Creek",38.775,-76.2333,MD,S
8572342,"St. Michaels, Miles River",38.7867,-76.2217,MD,S
8572467,Kent Point Marina,38.8367,-76.3733,MD,R
8572468,"Claiborne, Eastern Bay",38.8367,-76.28,MD,S
8572669,"Hillsboro, Tuckahoe Creek",38.9167,-75.945,MD,R
8572770,"Matapeake, Kent Island",38.9567,-76.355,MD,R
8572792,Kent Island Narrows,38.9667,-76.2433,MD,S
8572867,Queenstown,38.9967,-76.1583,MD,S
8572955,Love Point,39.0317,-76.3017,MD,R
8573006,"Centreville Landing, Corsica River",39.0533,-76.075,MD,S
8573125,Cliffs Point,39.1067,-76.1417,MD,S
8573137,Cliffs Wharf,39.11,-76.1383,MD,S
8573211,"Deep Landing, Swan Creek",39.145,-76.26,MD,S
8573343,Chestertown,39.2067,-76.0633,MD,S
8573349,Crumpton,39.245,-75.925,MD,R
8573364,Tolchester Beach,39.21344444444444,-76.24455555555555,MD,R
8573442,Worton Creek entrance,39.2967,-76.1717,MD,S
8573704,"Sassafras River, Betterton",39.3717,-76.0633,MD,R
8573777,"Saxis, Starling Creek, Pocomoke Sound",37.92166666666701,-75.728333333333,,S
8573903,Town Point Wharf,39.5033,-75.9167,MD,R
8573927,"Chesapeake City, Maryland",39.5266667,-75.81,MD,R
8573968,"Charlestown, Northeast River",39.5733,-75.97,MD,S
8573969,Old Frenchtown Wharf,39.575,-75.8433,MD,S
8574008,Port Deposit,39.6033,-76.1133,MD,S
8574070,Havre de Grace,39.5367,-76.09,MD,R
8574459,"Pond Point, Bush River",39.3883,-76.255,MD,R
8574680,"Baltimore, Fort McHenry",39.266693115234375,-76.57830810546875,MD,R
8574683,Fort McHenry Marsh,39.2617,-76.585,MD,R
8574821,Hawkins Point,39.2083,-76.5333,MD,S
8574857,North Point,39.1967,-76.445,MD,S
8574931,Stony Creek,39.1633,-76.5267,MD,S
8575109,"Cornfield Creek, Magothy River",39.1,-76.445,MD,S
8575229,"Mountain Point, Magothy River",39.0617,-76.4333,MD,S
8575331,Brewer Point,39.0267,-76.5333,MD,S
8575512,Annapolis (US Naval Academy),38.983882904052734,-76.48003387451172,MD,R
8575550,"Gingerville Creek, South River",38.9583,-76.555,MD,S
8575579,"Edgewater, South River",38.95,-76.55,MD,S
8575737,Thomas Point Shoal Light,38.9,-76.4333,MD,S
8575787,Rhode River (County Wharf),38.8867,-76.54,MD,S
8575923,"Galesville, West River",38.8417,-76.54,MD,S
8576256,Rose Haven,38.725,-76.5417,MD,S
8576363,Chesapeake Beach,38.7,-76.5333,MD,S
8577004,Long Beach,38.465,-76.4733,MD,R
8577123,Broomes Island,38.415,-76.545,MD,S
8577188,Cove Point,38.3917,-76.3983,MD,R
8577330,Solomons Island,38.31669998168945,-76.45169830322266,MD,R
8577940,"Cornfield Harbor, Md.",38.06,-76.3617,MD,S
8578002,Point Lookout,38.04,-76.3233,MD,S
8578240,"Piney Point, Md.",38.1333333,-76.5333333,MD,S
8578465,"Colton Point, Md.",38.2233,-76.7483,MD,S
8578551,"Mills Point (south of), Wicomico Riv., Md.",38.3267,-76.8333,MD,S
8578693,"Lower Cedar Point, Md.",38.3417,-76.9767,MD,S
8578769,"Goose Creek, Port Tobacco River, Md.",38.4533,-77.0533,MD,S
8578853,"Riverside, Md.",38.3867,-77.145,MD,S
8578931,"Clifton Beach, Smith Point, Md.",38.41333333333299,-77.266666666667,,S
8578984,"Liverpool Point, Md.",38.46,-77.27,MD,S
8579135,Benedict,38.5133,-76.67,MD,S
8579381,"Indian Head, Md.",38.6017,-77.185,MD,S
8579542,Lower Marlboro,38.655,-76.68333333333334,MD,R
8579629,"Marshall Hall, Md.",38.6867,-77.1017,MD,S
8579997,"Bladensburg, Md.",38.9333,-76.9383,MD,R
8590111,"Bellevue, D.C.",38.8267,-77.0267,DC,S
8593005,Washington Naval Yard,38.8717,-76.995,DC,S
8593545,Kingman Lake,38.895,-76.9683,DC,S
8593909,Kenilworth Aquatic Garden,38.91,-76.955,DC,S
8594900,"WASHINGTON, Washington Channel, D.C.",38.87333333333334,-77.02166666666666,DC,R
8630055,Franklin City,38.0067,-75.3817,VA,S
8630111,Jesters Island,37.9817008972168,-75.30169677734375,VA,R
8630194,"Chincoteague Island, Blake Cove",37.9517,-75.355,VA,S
8630225,"Chincoteague Island, Oyster Bay",37.9417,-75.3467,VA,S
8630229,"Chincoteague Island, Lewis Creek",37.9383,-75.3733,VA,S
8630249,"Chincoteague Island, USCG Station",37.93170166015625,-75.38330078125,VA,R
8630308,Chincoteague Channel (south end),37.9067,-75.405,VA,R
8630315,Southern Chincoteague Island,37.902400970458984,-75.40789794921875,VA,R
8630371,"Wishart Point, Bogues Bay",37.8817,-75.4917,VA,S
8630413,"Assateague Beach, Toms Cove",37.865,-75.3683,VA,S
8630440,Wallops Island,37.8417,-75.4783,VA,S
8630637,Gargathy Neck,37.7767,-75.5617,VA,S
8630839,"Folly Creek, Metompkin Inlet",37.6967,-75.635,VA,S
8630901,Metompkin Inlet,37.6717,-75.595,VA,S
8631044,"Wachapreague, Wachapreague Channel",37.60777777777778,-75.68583333333333,VA,R
8631234,"Revel Creek, Revel Island",37.4967,-75.6833,VA,S
8631287,"Upshur Neck, south end",37.4667,-75.8,VA,S
8631411,Great Machipongo Inlet (inside),37.3933,-75.7133,VA,S
8631542,Sand Shoal Inlet (Coast Guard Station),37.3017,-75.7783,VA,S
8631591,Oyster Harbor,37.2883,-75.925,VA,S
8631874,Smith Island (Coast Guard Station),37.1233,-75.9117,VA,S
8632085,Fishermans Island,37.0967,-75.9833,VA,S
8632200,Kiptopeke Beach,37.165199279785156,-75.9884033203125,VA,R
8632314,Old Plantation Light,37.2333,-76.05,VA,S
8632366,Cape Charles Harbor,37.2633,-76.02,VA,S
8632837,Rappahannock Light,37.538299560546875,-76.01499938964844,VA,R
8632869,"Gaskins Point, Occohannock Creek",37.5567,-75.9167,VA,R
8633091,"Harborton, Pungoteague Creek",37.6667,-75.8333,VA,S
8633214,"Onancock, Onancock Creek",37.7117,-75.7567,VA,S
8633362,"Chesconessex Creek, Schooner Bay",37.7633,-75.7733,VA,S
8633451,Watts Island,37.7983,-75.8967,VA,S
8633532,Tangier Island,37.8283,-75.9933,VA,R
8633596,Guard Shore,37.85,-75.7,VA,S
8633604,Muddy Creek Entrance,37.855,-75.675,VA,S
8633777,"Saxis, Starling Creek",37.92169952392578,-75.72830200195312,VA,R
8634214,"Alexandria, Va.",38.805,-77.0383,VA,S
8634689,"Quantico, Va.",38.52,-77.2867,VA,S
8634858,"Aquia Creek, Va.",38.4183,-77.3533,VA,S
8634892,"Mathias Point, Va.",38.3983,-77.0533,VA,S
8635027,"Dahlgren, Upper Machodoc Creek, Va.",38.31975277777778,-77.03659722222223,VA,R
8635150,"Colonial Beach, Va.",38.2517,-76.96,VA,R
8635154,Massaponax,38.255,-77.41,VA,S
8635171,Hopyard Landing,38.2433,-77.2267,VA,S
8635257,Park Turn,38.2133,-77.2433,VA,R
8635299,Port Royal,38.1733,-77.19,VA,S
8635409,"Mount Holly, Nomini Creek, Va.",38.0983,-76.735,VA,S
8635485,"Ragged Point, Coles Neck, Va.",38.1417,-76.6133,VA,S
8635554,Saunders Wharf,38.09,-77.0333,VA,S
8635671,"Kinsale, Yeocomico River, Va.",38.0317,-76.5767,VA,S
8635750,"Lewisetta, Va.",37.99610137939453,-76.46440124511719,VA,R
8635762,"Travis Point, Coan River, Va.",37.9967,-76.4667,VA,S
8635881,Tappahannock,37.93,-76.8567,VA,S
8635959,"Sunnybank, Little Wicomico River",37.8867,-76.2667,VA,S
8635985,Wares Wharf,37.8733,-76.7833,VA,R
8636046,"Glebe Point, Great Wicomico River",37.8467,-76.3683,VA,S
8636128,Fleeton Point,37.8133,-76.275,VA,S
8636142,Great Wicomico River Light,37.805,-76.2683,VA,S
8636261,Bayport,37.755,-76.6733,VA,S
8636458,"Millenbeck, Corrotoman River",37.6683,-76.4867,VA,S
8636499,"Wakema (Fraziers Ferry), Mattaponi River",37.65,-76.9,VA,S
8636522,Urbanna,37.65,-76.575,VA,S
8636558,Northbury,37.625,-77.1217,VA,S
8636580,Windmill Point,37.6155,-76.28977777777777,VA,R
8636623,Windmill Point Light,37.5967,-76.2367,VA,S
8636653,Lester Manor,37.5833,-76.99,VA,R
8636654,Mill Creek (Grey Point),37.5833,-76.4183,VA,S
8636735,"Jackson Creek, Deltaville",37.5483,-76.3317,VA,S
8636769,West Point,37.535,-76.7933,VA,S
8636831,Dixie,37.5067,-76.4167,VA,S
8636941,"Richmond Deepwater Terminal, James River",37.45955555555555,-77.42077777777777,VA,R
8636969,Roane Point,37.4467,-76.7083,VA,S
8637072,Belleville,37.4117,-76.4383,VA,S
8637144,Wolf Trap Light,37.39,-76.19,VA,S
8637199,"Mobjack, East River",37.3733,-76.3467,VA,S
8637444,Browns Bay,37.3,-76.4,VA,S
8637472,Cheatham Annex,37.2917,-76.5867,VA,S
8637624,Gloucester Point,37.2467,-76.5,VA,R
8637663,Tue Marshes Light,37.235,-76.385,VA,S
8637686,"Yorktown, Goodwin Neck",37.23,-76.4367,VA,S
8637689,"Yorktown, USCG Training Center",37.2265,-76.47880555555555,VA,R
8637712,Jamestown,37.22010040283203,-76.79139709472656,VA,R
8638017,Fort Eustis (MARAD),37.13822222222223,-76.62275,VA,R
8638051,"Messick Point, Back River",37.1083,-76.3183,VA,S
8638288,Old Point Comfort,37.0033,-76.315,VA,S
8638339,Western Branch,36.82322222222222,-76.39911111111111,VA,R
8638379,Newport News,36.9733,-76.4333,VA,S
8638401,Huntington Park,37.0133,-76.4583,VA,S
8638406,Town Point,36.8833,-76.5083,VA,S
8638407,Menchville,37.0817,-76.525,VA,S
8638409,Hollidays Point (Kings Highway bridge),36.8383,-76.55,VA,S
8638418,"Smithfield, Pagan River",36.9833,-76.63,VA,S
8638421,Burwell Bay,37.0567,-76.6683,VA,S
8638424,Kingsmill,37.22,-76.6633,VA,R
8638433,Scotland,37.185,-76.7833,VA,R
8638441,Wright Island Landing,37.345,-76.875,VA,S
8638442,Ferry Point (bridge),37.2633,-76.8767,VA,S
8638445,"Lanexa, Chicahomny River",37.4033,-76.9117,VA,R
8638449,Claremont,37.2317,-76.9483,VA,S
8638450,"Tettington, James River",37.24,-76.9433,VA,R
8638455,Sturgeon Point,37.3067,-77.0067,VA,S
8638464,"Willcox Wharf, Charles City",37.315,-77.0983,VA,R
8638476,Jordan Point,37.3133,-77.2233,VA,S
8638478,Haxall,37.3733,-77.2433,VA,S
8638481,"City Point, Hopewell",37.3133,-77.27,VA,R
8638486,Meadowville,37.3783,-77.3233,VA,S
8638489,"Puddledock, Appomattox River",37.2667,-77.3717,VA,R
8638491,Chester,37.3833,-77.3783,VA,S
8638495,Richmond (river locks),37.525,-77.42,VA,R
8638514,Pig Point,36.9167,-76.435,VA,S
8638596,Craney Island Light,36.8917,-76.3383,VA,S
8638610,HAMPTON ROADS (Sewells Point),36.9427778,-76.3286111,VA,R
8638654,Norfolk,36.8517,-76.2983,VA,S
8638660,"Portsmouth, Naval Shipyard",36.8217,-76.2933,VA,R
8638671,Lafayette River,36.88422222222222,-76.27585833333333,VA,R
8638776,"Little Creek, NAB",36.9117,-76.175,VA,S
8638854,Buchanan Creek entrance,36.8617,-76.115,VA,S
8638863,CHESAPEAKE BAY BRIDGE TUNNEL,36.96670150756836,-76.11329650878906,VA,R
8638867,Bayville,36.8933,-76.105,VA,S
8638888,"Lynnhaven Inlet, Virginia Pilots Dock",36.9067,-76.09,VA,S
8638901,"CBBT, CHESAPEAKE CHANNEL",37.032901763916016,-76.08329772949219,VA,R
8638916,Long Creek,36.9033,-76.07,VA,S
8638922,Brown Cove,36.875,-76.0617,VA,S
8638923,Broad Bay Canal,36.9017,-76.0617,VA,S
8638999,Cape Henry,36.93000030517578,-76.00666809082031,VA,S
8639168,Virginia Beach,36.8433,-75.9717,VA,S
8639207,"Rudee Inlet, interior channel",36.8317,-75.9733,VA,R
8639208,Rudee Inlet entrance,36.8317,-75.9683,VA,S
8639214,"Rudee Heights, Lake Wesley",36.825,-75.975,VA,S
8639219,"Lake Rudee, south end",36.825,-75.9817,VA,S
8639348,Money Point,36.77819444444445,-76.30186111111111,VA,R
8639414,Deep Creek Entrance,36.755,-76.2933,VA,S
8639428,Sandbridge,36.6917,-75.92,VA,S
8651370,DUCK PIER,36.18330001831055,-75.74669647216797,NC,R
8651605,Kitty Hawk (ocean),36.1017,-75.71,NC,S
8652226,"Jennettes Pier, Nags Head (ocean)",35.91,-75.59169444444444,NC,S
8652247,"Manns Harbor, Croatan Sound",35.9033,-75.77,NC,R
8652437,"Oyster Creek, Croatan Sound",35.845,-75.655,NC,R
8652547,"Roanoke Marshes Light, Croatan Sound",35.8117,-75.7,NC,R
8652587,OREGON INLET MARINA,35.79569444444444,-75.54819444444445,NC,R
8652591,Roanoke Sound Channel,35.7983,-75.5833,NC,S
8652648,Old House Channel,35.77669906616211,-75.58499908447266,NC,R
8652657,Oregon Inlet Channel,35.7733,-75.5583,NC,S
8652659,Oregon Inlet Bridge,35.7733,-75.5383,NC,S
8652678,Oregon Inlet (USCG Station),35.7683,-75.5267,NC,R
8652737,Davis Slough,35.7483,-75.5533,NC,S
8653215,"Rodanthe, Pamlico Sound",35.595001220703125,-75.4717025756836,NC,R
8653244,"Pungo River, Route 45, NC",35.585201263427734,-76.48560333251953,NC,R
8653471,Engelhard,35.5093994140625,-75.98889923095703,NC,R
8653951,Peter's Ditch,35.35013888888889,-75.51202777777777,NC,R
8654400,CAPE HATTERAS FISHING PIER,35.2233,-75.635,NC,R
8654467,Hatteras (ocean),35.20859909057617,-75.7042007446289,NC,R
8654769,"Ocracoke, Pamlico Sound",35.115501403808594,-75.98690032958984,NC,R
8655133,"Oriental, Neuse River",35.024600982666016,-76.69180297851562,NC,R
8655151,Cedar Island,35.01890182495117,-76.31430053710938,NC,R
8655875,Sea Level,34.875,-76.3433,NC,R
8656084,Core Creek Bridge,34.82500076293945,-76.69000244140625,NC,R
8656201,"Davis, Core Sound",34.79679870605469,-76.45549774169922,NC,R
8656225,North River Bridge,34.7917,-76.6083,NC,S
8656306,Newport River (Yacht Club),34.7683,-76.6717,NC,S
8656451,Gallant Channel,34.7283,-76.6683,NC,S
8656467,SpoonersCreek,34.725,-76.8033,NC,R
8656483,"Beaufort, Duke Marine Lab",34.71733055555556,-76.67065833333334,NC,R
8656496,Morehead City,34.7183,-76.695,NC,S
8656499,Atlantic Beach Bridge,34.7183,-76.7367,NC,S
8656502,Morehead City Harbor,34.720001220703125,-76.71080017089844,NC,R
8656503,Harkers Island Bridge,34.715,-76.5783,NC,S
8656518,"Beaufort, Taylor Creek",34.7117,-76.645,NC,S
8656539,Lenoxville Point,34.7083,-76.62,NC,S
8656554,Channel Marker Lt. 59,34.7033,-76.62,NC,S
8656566,"Coral Bay, Atlantic Beach",34.7,-76.7683,NC,S
8656569,Beaufort Inlet Channel Range,34.6983,-76.665,NC,S
8656571,"Fort Macon, USCG Station",34.6983,-76.6817,NC,S
8656590,Atlantic Beach,34.6933,-76.7117,NC,R
8656613,"Swansboro, East Corbett Ave. Bridge",34.68659973144531,-77.11810302734375,NC,R
8656841,Cape Lookout Bight,34.6133,-76.5383,NC,R
8656937,Cape Lookout (ocean),34.6083,-76.5283,NC,S
8657002,"Sneads Ferry, New River",34.57630157470703,-77.39540100097656,NC,R
8657167,New River Inlet,34.5333,-77.3417,NC,S
8657419,Ocean City Beach (fishing pier),34.4517,-77.495,NC,S
8657813,Hampstead,34.33940124511719,-77.70600128173828,NC,R
8658120,Wilmington,34.22669982910156,-77.95330047607422,NC,R
8658145,"Shinn Point, ICWW",34.217899322509766,-77.81230163574219,NC,R
8658163,Wrightsville Beach,34.21330555555556,-77.78669444444445,NC,R
8658501,Orton Point,34.0567,-77.94,NC,S
8658559,Wilmington Beach,34.0317,-77.8933,NC,S
8658579,"Sunny Point Army Base, Wharf no.3",34.0233,-77.9467,NC,R
8658622,Reaves Point,34.0033,-77.955,NC,S
8658654,"Sunny Point Army Base, Wharf no.1",33.99,-77.9567,NC,S
8658715,Federal Point,33.9617,-77.94,NC,S
8658741,Zekes Island,33.95,-77.9517,NC,R
8658901,Bald Head,33.88,-78.0017,NC,S
8659084,Southport,33.915,-78.0183,NC,R
8659086,Fort Caswell,33.8967,-78.0167,NC,S
8659182,"Oak Island, Yaupon Beach",33.9017,-78.0817,NC,R
8659414,"Varnamtown, Lockwoods Folly River",33.933101654052734,-78.21890258789062,NC,R
8659665,"Bowen Point, Shallotte Inlet",33.915000915527344,-78.37329864501953,NC,R
8659897,Sunset Beach Pier,33.865,-78.5067,NC,R
8659899,Sunset Beach Bridge,33.88166666666701,-78.51,,S
8660098,"Little River Neck, north end",33.87,-78.5733,SC,S
8660121,Little River (town),33.87,-78.6083,SC,S
8660147,"Dunn Sound, north end",33.86,-78.58,SC,S
8660148,"Dunn Sound, Little River Inlet",33.8583,-78.57,SC,S
8660166,Nixon Crossroads,33.855,-78.6483,SC,S
8660195,"Dunn Sound, west end",33.8517,-78.5883,SC,S
8660265,Cherry Grove (inside),33.835,-78.6333,SC,S
8660266,Hog Inlet Pier,33.8367,-78.6067,SC,S
8660275,"Conway, RR. bridge",33.835,-79.0417,SC,S
8660315,Grahamville,33.83,-78.9533,SC,S
8660401,Myrtle Beach Airport,33.82,-78.7183,SC,S
8660475,Pitch Landing,33.8,-79.055,SC,S
8660642,"North Myrtle Beach, ICWW",33.766700744628906,-78.81500244140625,SC,S
8660754,"Carolina Forest, ICWW",33.734901428222656,-78.88269805908203,SC,R
8660831,Keysfield,33.745,-79.065,SC,S
8660854,"Myrtle Beach, Combination Bridge",33.7133,-78.9217,SC,S
8660983,Socastee Bridge,33.6867,-79.005,SC,S
8661067,Enterprise Landing,33.6667,-79.0633,SC,S
8661070,"Springmaid Pier, Myrtle beach",33.654998779296875,-78.91829681396484,SC,R
8661093,Yauhannah Bridge,33.66,-79.155,SC,S
8661119,"Little Bull Creek entrance, Bull Creek",33.6017,-79.1183,SC,S
8661139,Bucksport,33.6467,-79.095,SC,R
8661299,Lower Topsaw Landing,33.6083,-79.1517,SC,S
8661347,Bull Creek entrance,33.5967,-79.0983,SC,S
8661367,"Rhems, Black Mingo Creek, Black River",33.6033,-79.4267,SC,S
8661419,"Garden City Bridge, Main Creek",33.5783,-79.0033,SC,R
8661437,Garden City Pier (ocean),33.575,-78.9967,SC,R
8661493,"Wachesaw Landing, Waccamaw River",33.560001373291016,-79.08499908447266,SC,R
8661529,"Captain Alex's Marina, Parsonage Creek",33.5517,-79.0367,SC,S
8661558,Holly Grove Plantation,33.5517,-79.1767,SC,S
8661559,Smith's Dock,33.545,-79.045,SC,S
8661582,Divine's Dock,33.5417,-79.0283,SC,S
8661593,"Winea Plantation, Black River",33.535,-79.3883,SC,S
8661608,Allston Creek,33.5317,-79.0533,SC,S
8661609,"Oaks Creek, 0.5 mi. above entrance",33.53,-79.0433,SC,S
8661684,"Oaks Creek, upper end",33.5117,-79.0683,SC,R
8661686,Black River (south of Dunbar),33.5117,-79.3417,SC,S
8661703,Thoroughfare Creek entrance,33.5067,-79.145,SC,R
8661734,"Mt. Pleasant Plantation, Black River",33.495,-79.4617,SC,S
8661741,Arundel Plantation,33.4833,-79.1783,SC,S
8661866,South of Sam Worth Game Management Area,33.4683,-79.1883,SC,S
8661867,Litchfield Beach bridge,33.4717,-79.1017,SC,S
8661873,"Carr Creek, 1 mile above entrance",33.465,-79.1867,SC,S
8661913,Weymouth Plantation,33.455,-79.205,SC,S
8661947,"Midway Inlet North, Pawleys Island",33.4483,-79.1117,SC,S
8661989,"Bennet's Dock, Pawleys Island Creek",33.435,-79.1267,SC,R
8661991,Hagley Landing,33.435,-79.1817,SC,S
8662006,Pawleys Island Pier (ocean),33.4317,-79.1167,SC,R
8662071,"Ward's Dock, Pawleys Inlet",33.4117,-79.135,SC,R
8662216,Cumberland,33.37,-79.4333,SC,S
8662237,Jacobs Wharf,33.3633,-79.355,SC,S
8662245,Oyster Landing (N. Inlet Estuary),33.35169982910156,-79.18669891357422,SC,R
8662299,"Clambank Creek, Goat Island, North Inlet",33.3333,-79.1933,SC,R
8662405,"Jamestown Bridge, Santee River",33.305,-79.6783,SC,S
8662549,"South Island Ferry, Intracoastal Waterway",33.2517,-79.2683,SC,S
8662670,"Pleasant Hill Landing, Santee River",33.245,-79.5217,SC,S
8662746,South Island Plantation (C.G. Station),33.235,-79.2033,SC,S
8662747,Georgetown Lighthouse,33.2233,-79.185,SC,S
8662793,North Santee Bridge,33.21,-79.385,SC,S
8662796,"Minim Creek ent., ICWW, North Santee Bay",33.195,-79.275,SC,S
8662799,"U.S. Highway 17 bridge, South Santee River",33.185,-79.4067,SC,S
8662926,"Georgetown, Sampit River Ent.",33.361698150634766,-79.27999877929688,SC,R
8662931,Waccamaw River Entrance,33.36669921875,-79.25499725341797,SC,R
8662953,"Windsor Plantation, Black River",33.415,-79.25,SC,R
8663101,Cape Romain,33.025,-79.3483,SC,S
8663219,"South Santee River, ICWW, 4 Mi Canal Creek",33.15420150756836,-79.35440063476562,SC,R
8663261,"Cedar Island, North Santee Bay",33.14,-79.245,SC,S
8663381,"Cedar Island Point, South Santee River",33.12,-79.27,SC,S
8663461,"Casino Creek, ICWW",33.1083,-79.3933,SC,S
8663535,"Quinby Creek bridge, East Branch",33.095,-79.8083,SC,S
8663539,"Pimlico, West Branch",33.095,-79.9533,SC,S
8663618,"McClellanville, Jeremy Creek",33.0783,-79.46,SC,S
8663631,"Old Rice Mill, West Branch",33.0783,-79.925,SC,S
8663665,"Richmond Plantation, East Branch",33.0767,-79.855,SC,S
8663731,"Bonneau Ferry, East Branch",33.0717,-79.8833,SC,S
8663757,"Dupont, Dean Hall",33.0583,-79.9367,SC,S
8663781,"Blessing Plantation, East Branch",33.055,-79.88,SC,S
8663858,"Buck Hall, Awendaw Creek",33.040000915527344,-79.55999755859375,SC,R
8663899,Harbor River entrance,33.0333,-79.535,SC,S
8664022,General Dynamics Pier,33.0083,-79.9233,SC,R
8664099,Five Fathom Creek entrance,33.0,-79.4967,SC,S
8664131,"Back River Reservoir, West Branch",32.995,-79.9367,SC,S
8664442,"Moores Landing, ICWW, Sewee Bay",32.9367,-79.655,SC,S
8664515,"Snow Point, 0.4 mi. North of",32.9483,-79.9317,SC,S
8664531,Bacon Bridge,32.9583,-80.2033,SC,S
8664532,"Greggs Landing, Mateeba Gardens",32.9317,-80.1567,SC,S
8664541,"Yeamans Hall, Goose Creek",32.925,-79.9867,SC,S
8664545,Cainhoy,32.9267,-79.83,SC,R
8664582,Woodville,32.92,-79.7333,SC,S
8664589,"Hanahan, Turkey Creek, Goose Creek",32.9183,-80.0117,SC,S
8664611,Big Paradise Island,32.915,-79.7467,SC,S
8664621,Wharf Creek entrance,32.9133,-79.6167,SC,S
8664662,Goose Creek entrance,32.91,-79.9517,SC,R
8664688,"Clouter Creek, north entrance",32.9067,-79.935,SC,S
8664699,"North Charleston, Ashley river",32.900299072265625,-80.11750030517578,SC,R
8664701,Nowell Creek,32.9,-79.9,SC,S
8664782,"Parker Island, Horlbeck Creek",32.885,-79.845,SC,S
8664801,"Price Creek, North Capers Island",32.8817,-79.6583,SC,S
8664841,Magnolia Gardens,32.8767,-80.0833,SC,S
8664878,"Old Capers Landing, Santee Pass, Capers Island",32.87,-79.6867,SC,S
8664941,"Capers Creek, South Capers Island",32.8567,-79.7067,SC,R
8664945,"Clouter Creek, south entrance",32.86,-79.9383,SC,S
8664992,"North Dewees Island, Capers Inlet",32.85,-79.7033,SC,S
8665002,"Drayton, Bee's Ferry",32.8483,-80.0517,SC,S
8665099,I-526 bridge,32.8367,-80.0217,SC,R
8665101,Cosgrove Bridge,32.835,-79.9867,SC,S
8665111,"South Dewees Island, Dewees Inlet",32.8333,-79.7267,SC,S
8665145,Duck Island,32.83,-79.9667,SC,S
8665167,Hamlin Sound,32.8267,-79.7867,SC,S
8665192,Hobcaw Point,32.8217,-79.9,SC,S
8665257,"Canaday Landing, south of, Edisto River",32.8133,-80.4067,SC,S
8665387,"Hamlin Creek, Isle of Palms",32.7867,-79.7917,SC,S
8665424,"Folly Creek, Hwy. 171 bridge",32.675,-79.9517,SC,S
8665426,Shem Creek,32.7933,-79.8817,SC,S
8665475,Limehouse Bridge,32.7867,-80.105,SC,S
8665494,Isle of Palms Pier,32.7833,-79.785,SC,S
8665495,South Ashley Bridge,32.7833,-79.9567,SC,S
8665530,CHARLESTON (Customhouse Wharf),32.7808333,-79.9236111,SC,R
8665552,"Breach Inlet, Isle of Palms",32.7767,-79.8117,SC,S
8665567,"Ben Sawyer Bridge, ICWW",32.7733,-79.8417,SC,S
8665589,"Sandblasters, Pennys Creek",32.77,-80.0633,SC,S
8665599,"Pennys Creek, west entrance",32.7683,-80.07,SC,S
8665613,"Wappoo Creek, highway bridge",32.7667,-79.9733,SC,S
8665637,"The Cove, Fort Moultrie",32.7633,-79.8567,SC,S
8665641,Elliott Cut entrance,32.7633,-80.0017,SC,S
8665726,Fort Johnson,32.7517,-79.8983,SC,S
8665728,Fort Sumter,32.7533,-79.8767,SC,S
8665737,Jacksonboro Camp,32.7533,-80.45,SC,S
8665763,"Hollywood, Wadmalaw River",32.746700286865234,-80.16500091552734,SC,R
8665775,"James Island Creek, 1 mi. above ent.",32.745,-79.9483,SC,S
8665814,Ashepoo,32.7433,-80.5567,SC,S
8666017,"Penny Creek, south of, Edisto River",32.715,-80.4367,SC,S
8666029,Church Creek bridge,32.715,-80.0917,SC,S
8666101,"Johns Island, Church Creek",32.7067,-80.1567,SC,S
8666131,"Lower Toogoodoo Creek, 2 mi. above entrance",32.7033,-80.2783,SC,S
8666166,Cuckolds Creek,32.7133,-80.695,SC,S
8666167,"Hope Creek, Edisto River",32.7,-80.4267,SC,S
8666217,Yonges Island,32.695,-80.2233,SC,S
8666282,"Oak Branch, Bohicket Creek",32.6833,-80.0967,SC,S
8666283,Abbapoola Creek entrance,32.6767,-80.0067,SC,S
8666359,Bluff Plantation,32.6833,-80.7383,SC,S
8666367,"Willtown Bluff, Edisto River",32.6817,-80.4167,SC,S
8666433,"Toogoodoo Creek, 2 mi. above entrance",32.6683,-80.2933,SC,S
8666467,"Folly River, north, Folly Island",32.67,-79.9167,SC,S
8666552,"Park Island, Tom Point Creek",32.665,-80.3167,SC,S
8666616,Dawho River,32.6567,-80.3917,SC,S
8666652,"Folly River Bridge, Folly Island",32.6617,-79.945,SC,S
8666659,U.S. 17 Bridge,32.6517,-80.6833,SC,S
8666699,Bluff Point,32.6467,-80.2567,SC,S
8666749,Airy Hall Plantation,32.6317,-80.4717,SC,S
8666767,Snake Island,32.64,-80.015,SC,S
8666775,"Leadenwah Creek, 3 mi. above entrance",32.6367,-80.2017,SC,S
8666799,"Dawho Bridge, Dawho River",32.6367,-80.3417,SC,S
8666918,"Ho-Non-Wah Boy Scout Camp, Bohicket Creek",32.625,-80.1667,SC,S
8667017,"Brickyard Ferry, swing bridge",32.6133,-80.4817,SC,S
8667062,Kiawah River Bridge,32.6033,-80.1317,SC,S
8667067,Pine Landing,32.6033,-80.3883,SC,S
8667074,"Wiggins, Chehaw River",32.6017,-80.5417,SC,S
8667075,"Steamboat Landing, Steamboat Creek",32.6033,-80.2867,SC,S
8667076,"Tulifiny River, I-95 bridge",32.6017,-80.9033,SC,S
8667089,"Rockville, Bohicket Creek",32.5983,-80.195,SC,S
8667101,"Windsor Plantation, Russel Creek",32.5983,-80.345,SC,S
8667146,"North Dawson Landing, Coosawhatchie River",32.5617,-80.91,SC,S
8667172,"Sheldon, Huspa Creek, Whale Branch",32.5833,-80.7833,SC,S
8667178,Point of Pines,32.585,-80.2283,SC,S
8667199,"Briars Creek ent., Wimbee Creek, Bull River",32.5783,-80.67,SC,S
8667201,Bluff Islands,32.5783,-80.4933,SC,S
8667209,"Musselboro Island, Mosquito Creek",32.5783,-80.4483,SC,S
8667259,Fields Point,32.5683,-80.5533,SC,S
8667272,"Bowles Island, New Chehaw River",32.565,-80.5167,SC,S
8667281,"Ocella Creek, 2 mi. above entrance",32.5617,-80.2383,SC,S
8667295,"White House Woods, Mosquito Creek",32.55870056152344,-80.45439910888672,SC,R
8667309,Fenwick Island,32.56,-80.4183,SC,S
8667351,Hutchinson Island,32.5517,-80.4817,SC,S
8667411,"Lobeco, Whale Branch",32.5733,-80.745,SC,S
8667425,"Peters Point, St. Pierre Creek",32.54,-80.34,SC,S
8667482,"Ashepoo-Coosaw Cutoff, ICWW",32.525,-80.4517,SC,S
8667491,Whale Branch entrance,32.525,-80.675,SC,S
8667493,"Summerhouse Point, Bull River",32.5267,-80.5733,SC,S
8667508,"RR. Bridge, Hall Island",32.5217,-80.8383,SC,S
8667524,Seabrook,32.5233,-80.4067,SC,S
8667591,"Pilot Island, West Branch Boyds Creek",32.505,-80.8633,SC,S
8667612,"Air Station Beaufort, McCalleys creek",32.50189971923828,-80.68489837646484,SC,R
8667624,"Brickyard Point, Brickyard Creek",32.4933,-80.685,SC,S
8667630,"Edisto Beach, Edisto Island",32.5017,-80.2967,SC,S
8667633,"Corning Landing, Whale Branch",32.5025,-80.7841,SC,R
8667676,"Edisto Marina, Big Bay Creek entrance",32.4933,-80.34,SC,S
8667679,"Carters Dock, Big Bay Creek",32.4933,-80.3267,SC,S
8667733,"Sams Point, Lucy Point Creek",32.4833,-80.6,SC,S
8667783,Otter Island,32.4767,-80.42,SC,S
8667864,"Marine Corps Air Station, Brickyard Creek",32.465,-80.6917,SC,S
8667901,Lucy Point Creek entrance,32.4517,-80.61,SC,S
8667909,"Albergottie Creek, Rt. 21 bridge",32.45,-80.7317,SC,S
8667927,Village Creek Entrance,32.445,-80.5033,SC,S
8667972,"Edding Point, Edding Creek",32.4467,-80.5333,SC,S
8667982,"Jenkins Creek, 1 mi. above entrance",32.44,-80.5533,SC,S
8667999,Beaufort,32.43,-80.675,SC,R
8668077,Village Creek Cemetery,32.4167,-80.52,SC,S
8668091,"Jenkins Creek, Polawana Island",32.42,-80.5767,SC,S
8668092,"Battery Creek, 4 mi. above entrance",32.4133,-80.7,SC,S
8668109,"Broughton Point, Hazzard Creek",32.41,-80.885,SC,S
8668146,Harbor River Bridge,32.4033,-80.4533,SC,S
8668155,"Distant Island Creek, upper end, Cowen Creek",32.4017,-80.6533,SC,S
8668173,"Cowen Creek, Rt. 21 bridge",32.3983,-80.6167,SC,S
8668223,Hwy. 170 bridge,32.3867,-80.7767,SC,S
8668227,"Johnson Creek Bridge, Hunting Island",32.3917,-80.4383,SC,S
8668255,"Capers Creek, Cowen Creek, St. Helena Island",32.3717,-80.605,SC,S
8668282,"Distant Island, Cowen Creek",32.3783,-80.6333,SC,S
8668301,"Chechessee Bluff, Chechessee River",32.3733,-80.8367,SC,S
8668445,"Parris Island, Marine Corps Recruit Depot",32.35,-80.6683,SC,S
8668482,"Baileys Landing, Okatee River, Colleton River",32.3467,-80.89,SC,S
8668498,"Fripps Inlet, Hunting Island Bridge",32.34,-80.465,SC,R
8668511,"Callawassie Island Bridge, Colleton River",32.3417,-80.8567,SC,S
8668529,"Club Bridge Creek ent., Trenchards Inlet",32.335,-80.5417,SC,S
8668601,"Station Creek, County Landing",32.325,-80.6017,SC,S
8668619,Colleton River Entrance,32.3217,-80.7917,SC,S
8668636,"Callawassie Creek, Colleton River",32.3167,-80.8417,SC,S
8668655,"Callawassie Island, south, Colleton River",32.3133,-80.86,SC,S
8668686,Fort Fremont,32.3067,-80.645,SC,S
8668701,"Purrysburg Landing, S.C.",32.3033,-81.1217,SC,S
8668836,"Station Creek, west end",32.28,-80.6383,SC,S
8668837,"Capers Island, Trenchards Inlet",32.2733,-80.585,SC,S
8668918,"Skull Creek, north entrance, Hilton Head Island",32.2667,-80.7367,SC,R
8668944,"Pinckney Island, Mackay Creek, Chechessee River",32.26,-80.7667,SC,S
8669072,Rt. 170 bridge,32.2367,-81.0117,SC,S
8669103,Bluffton,32.23,-80.8617,SC,S
8669133,"Skull Creek, south entrance, Hilton Head Island",32.2233,-80.7717,SC,S
8669167,"Port Royal Plantation, Hilton Head Island",32.22,-80.6683,SC,S
8669246,Brighton Beach. May River,32.2140998840332,-80.84649658203125,SC,R
8669262,Bull Island North,32.2,-80.815,SC,S
8669277,Cook Landing Cemetery,32.195,-81.0,SC,S
8669323,"Savage I., Savage Creek, Bull Creek",32.185,-80.86,SC,S
8669338,"Broad Creek, Hilton Head Island",32.185,-80.7533,SC,S
8669346,"Good Hope Landing, south of",32.1767,-80.9667,SC,S
8669369,Moreland Cemetery,32.175,-80.8917,SC,S
8669414,"Bull Creek, Bull Island South, Cooper River",32.165,-80.8567,SC,S
8669415,"Little Back River, Hwy. 17, Back River, S.C.",32.165,-81.13,SC,S
8669464,"Calibogue Cay, Broad Creek, Hilton Head Island",32.1533,-80.795,SC,S
8669493,"Haig Point, Daufuskie Island, Cooper River",32.1467,-80.8367,SC,S
8669531,Doughboy Island,32.1383,-80.9317,SC,S
8669575,"Turnbridge Landing, Salt Water Creek",32.1283,-81.0117,SC,S
8669601,"Pine Island, Ramshorn Creek, Cooper River",32.1217,-80.8983,SC,S
8669625,"Braddock Point, Hilton Head Island",32.1133,-80.83,SC,S
8669691,"Daufuskie Landing, Daufuskie Island",32.1033,-80.895,SC,S
8669722,"Hargray Pier, Daufuskie Island",32.0983,-80.8983,SC,S
8669801,"Bloody Point, Daufuskie Island",32.0817,-80.8783,SC,S
8669815,"Fields Cut, Wright River",32.0867,-80.9333,SC,S
8670073,S.C.L. RR. bridge,32.2317,-81.145,GA,S
8670424,Port Wentworth,32.14330555555556,-81.14169444444444,GA,R
8670678,Fort Jackson,32.0817,-81.0367,GA,S
8670681,SAVANNAH,32.0817,-81.0917,GA,S
8670870,"Fort Pulaski, Savannah River Entrance",32.03469444444445,-80.90302777777778,GA,R
8670892,Tybee Light,32.0283,-80.855,GA,S
8671086,"Skidaway Institute, Skidaway River",31.99,-81.0233,GA,R
8671314,"Halfmoon Reef, Halfmoon River",31.963300704956055,-80.94329833984375,GA,R
8671315,"Priest Landing, Wilmington River",31.963300704956055,-81.01170349121094,GA,R
8671489,"Richmond Hill, Ogeechee River",31.94300079345703,-81.28980255126953,GA,R
8671642,"Vernon View, Burnside River",31.9267,-81.0983,GA,S
8671946,"Little Wassaw Island, Green Island Sound",31.889699935913086,-81.06169891357422,GA,R
8672219,"Florida Passage, Ogeechee River",31.8533,-81.1467,GA,S
8672455,"Bradley Point, Bradley River",31.8217,-81.05,GA,S
8672462,"Belfast, Belfast River",31.8217,-81.2983,GA,S
8672667,"Bear River, (Range 'A' Light)",31.7933,-81.1817,GA,R
8672696,"Kilkenny Club, Kilkenny Creek",31.7883,-81.2033,GA,S
8672875,"Sunbury, Medway River",31.7667,-81.2783,GA,R
8673171,Bear River Entrance,31.72302777777778,-81.1417,GA,R
8673381,"Halfmoon, Timmons River",31.695,-81.2717,GA,S
8673437,Walburg Creek entrance,31.69,-81.155,GA,S
8673499,North Newport River (Daymark 119),31.6817,-81.1917,GA,S
8673812,"Thomas Landing, S. Newport River",31.6433,-81.2567,GA,S
8673875,"Eagle Neck, South Newport River",31.65,-81.305,GA,S
8673962,"Harris Neck, Barbour Island River",31.6233,-81.2633,GA,S
8674251,"Barbour Island, Barbour Island River",31.5783,-81.24,GA,S
8674301,South Newport River (Daymark 135),31.575,-81.19,GA,R
8674512,"Pine Harbor, Sapelo River",31.5483,-81.3717,GA,S
8674623,"Dog Hammock, Sapelo River",31.5317,-81.27,GA,S
8674638,"Bellville Point, Sapelo River",31.5317,-81.36,GA,S
8674801,"Eagle Creek, Mud River",31.51,-81.2783,GA,S
8674875,"Creighton Narrows Entrance, Crescent River",31.4983,-81.325,GA,S
8674962,"Blackbeard Creek, Blackbeard Island",31.4883,-81.21,GA,S
8674975,"Daymark #156, Head of Mud River",31.4867,-81.32,GA,R
8675245,Hudson Creek entrance,31.4467,-81.3433,GA,S
8675365,Old Tea Kettle Creek (Daymark 173),31.4317,-81.3067,GA,S
8675622,"Old Tower, Sapelo Island",31.39,-81.2883,GA,S
8675761,Rockdedundy River (Daymark 185),31.37386111111111,-81.33394444444444,GA,R
8675779,"Darien, Darien River",31.3683,-81.435,GA,S
8675843,"Threemile Cut entrance, Darien River",31.3567,-81.3767,GA,S
8676012,"Champney Island, South Altamaha River",31.3317,-81.46,GA,S
8676329,"Mackay River (ICWW), Buttermilk Sound",31.285,-81.385,GA,S
8676722,Dillard Creek,31.225,-81.5717,GA,S
8676743,Frederica River,31.2217,-81.3933,GA,S
8676766,Mackay River (Daymark 239),31.21,-81.425,GA,S
8676787,Buffalo River entrance,31.215,-81.5833,GA,S
8676808,Crispen Island,31.213300704956055,-81.55000305175781,GA,R
8677045,Frederica River Bridge,31.1683,-81.4133,GA,S
8677344,St. Simons Light,31.1317,-81.3967,GA,R
8677406,"Howe Street Pier, Brunswick",31.14455555555556,-81.49680555555555,GA,R
8677566,8 miles above mouth,31.0983,-81.5733,GA,S
8677576,"Jointer Island, Jointer Creek",31.095,-81.505,GA,S
8677832,"Jekyll Island Marina, Jekyll Creek",31.0567,-81.4233,GA,S
8677833,2.5 miles above mouth,31.0583,-81.4933,GA,S
8678111,"Dover Bluff, Dover Creek",31.0167,-81.5283,GA,S
8678124,Raccoon Key Spit,31.01480555555555,-81.45597222222223,GA,R
8678322,"Bailey Cut, 0.8 mile west of",30.985,-81.5917,GA,R
8678412,Todd Creek entrance,30.9717,-81.52,GA,S
8678466,Ceylon,30.9633,-81.655,GA,S
8678642,"Floyd Creek, 2.8 miles above entrance",30.9367,-81.5067,GA,S
8678688,"Cumberland Wharf, Cumberland River",30.93,-81.4467,GA,S
8679083,"Harrietts Bluff, Crooked River",30.87,-81.585,GA,S
8679242,"Crooked River, Cumberland Dividings",30.8433,-81.4867,GA,S
8679511,"Kings Bay, Navy Base",30.7967,-81.515,GA,R
8679598,"Kings Bay, MSF Pier",30.778099060058594,-81.49140167236328,GA,R
8679758,"Seacamp Dock, Cumberland Island",30.7633,-81.4717,GA,R
8679945,"Beach Creek ent., Cumberland Island",30.7267,-81.4767,GA,S
8679964,St. Marys,30.72,-81.5483,GA,R
8679997,"St. Marys Entrance, North Jetty",30.72,-81.445,GA,S
8720001,Kings Ferry,30.7867,-81.84,FL,S
8720004,Crandall,30.7217,-81.6217,FL,R
8720006,Little St. Marys River,30.7317,-81.7267,FL,S
8720007,"Roses Bluff, Bells River",30.7033,-81.5767,FL,S
8720011,"CUT 1N FRONT RANGE, ST MARYS RIVER ENTR",30.7083,-81.465,FL,R
8720023,"Chester, Bells River",30.6833,-81.5333,FL,R
8720030,"Fernandina Beach, Amelia River",30.67135555555556,-81.46584166666666,FL,R
8720051,"Lofton, Lanceford Creek",30.6433,-81.5233,FL,R
8720058,"Kingsley Creek, RR. bridge",30.6317,-81.4767,FL,S
8720059,Vaughns Landing,30.63,-81.5767,FL,R
8720084,"Boggy Creek, 2 mi. above entrance",30.5883,-81.6633,FL,S
8720086,"Amelia City, South Amelia River",30.5867,-81.4633,FL,S
8720093,"Halfmoon Island, highway bridge",30.5767,-81.6083,FL,S
8720097,"Cuno, Lofton Creek",30.5767,-81.5717,FL,S
8720098,Nassauville,30.5683,-81.515,FL,R
8720119,Mink Creek entrance,30.5367,-81.5817,FL,S
8720135,Nassau River Entrance,30.518299102783203,-81.45330047607422,FL,S
8720137,"Sawpit Creek entrance, bridge",30.5133,-81.4567,FL,S
8720143,"Sawpit Creek, 1 mi. above entrance",30.5033,-81.4717,FL,S
8720145,"Edwards Creek, 1 mi. above entrance",30.5017,-81.5417,FL,R
8720148,"Tiger Point, Pumpkin Hill Creek",30.5017,-81.495,FL,S
8720168,"Simpson Creek, A1A highway bridge",30.465,-81.4317,FL,S
8720186,"Fort George Island, Fort George River",30.44,-81.4383,FL,S
8720189,"Cedar Heights, Broward River",30.4367,-81.6417,FL,R
8720194,"Little Talbot Island, ocean",30.43,-81.405,FL,S
8720196,Sisters Creek,30.4167,-81.4533,FL,R
8720198,"Clapboard Creek, Pelotes Island",30.4067,-81.51,FL,R
8720203,Blount Island Bridge,30.4133,-81.545,FL,S
8720211,"Mayport Naval Station, Water Treatment Dock",30.4,-81.4133,FL,R
8720213,Sherwood Forest,30.42,-81.7283,FL,R
8720214,"Mayport Naval Station, Degausing Structure",30.3967,-81.395,FL,R
8720215,"Jacksonville, Navy Fuel Depot",30.4,-81.6267,FL,S
8720216,"Lake Forest, Ribault River",30.3983,-81.6983,FL,S
8720217,Moncrief Creek entrance,30.3917,-81.6617,FL,S
8720218,MAYPORT (BAR PILOT DOCK),30.39816666666667,-81.42788888888889,FL,R
8720219,Dame Point,30.386699676513672,-81.55829620361328,FL,R
8720220,Mayport (Ferry Depot),30.3933,-81.4317,FL,R
8720221,Fulton,30.39,-81.5067,FL,S
8720225,Phoenix Park,30.3833,-81.6367,FL,R
8720226,"Jacksonville, Main Street Bridge",30.32,-81.6583,FL,R
8720232,Pablo Creek entrance,30.3767,-81.4483,FL,S
8720242,"Jacksonville, Long Branch",30.360000610351562,-81.62000274658203,FL,R
8720259,Atlantic Beach,30.335,-81.395,FL,S
8720267,"Pablo Creek, ICWW bridge",30.3233,-81.4383,FL,S
8720274,Little Pottsburg Creek,30.31,-81.61,FL,S
8720291,Jacksonville Beach,30.2833,-81.3867,FL,R
8720296,Ortega River entrance,30.2783,-81.705,FL,S
8720305,"Oak Landing, ICWW",30.2533,-81.43,FL,S
8720333,Piney Point,30.2283,-81.6633,FL,S
8720357,I-295 bridge (west end),30.19241666666667,-81.68888888888888,FL,R
8720374,"Orange Park Landing, Orange Park",30.16830062866211,-81.69499969482422,FL,S
8720398,"Palm Valley, ICWW",30.1333,-81.3867,FL,S
8720406,"Peoria Point, Doctors Lake",30.12,-81.7583,FL,R
8720409,Julington Creek,30.135000228881836,-81.62999725341797,FL,S
8720434,"Black Creek, S.C.L. RR. bridge",30.079999923706055,-81.76170349121094,FL,R
8720494,Tolomato River (ICWW),29.994400024414062,-81.32949829101562,FL,R
8720496,Green Cove Springs,29.99,-81.6633,FL,S
8720503,"Red Bay Point, St Johns River",29.98166666666667,-81.63416666666667,FL,R
8720554,"Vilano Beach, Tolomato River",29.9167,-81.3,FL,R
8720576,"St. Augustine, city dock",29.8917,-81.31,FL,S
8720582,"State Road 312, Matanzas River",29.8667,-81.3067,FL,R
8720587,St. Augustine Beach,29.8567,-81.2633,FL,R
8720596,Tocoi,29.8583,-81.5533,FL,S
8720625,"Racy Point, St Johns River",29.8017,-81.5483,FL,R
8720651,"Crescent Beach, Matanzas River",29.7683,-81.2583,FL,R
8720653,Palmetto Bluff,29.7633,-81.5617,FL,S
8720686,"Fort Matanzas, Matanzas River, ICWW",29.715,-81.2383,FL,S
8720692,"Matanzas Inlet, State Road A1A Bridge",29.70453055555556,-81.22785555555555,FL,R
8720757,"Bings Landing, Matanzas River",29.614999771118164,-81.20500183105469,FL,R
8720767,Buffalo Bluff,29.595,-81.6817,FL,R
8720774,Palatka,29.6433,-81.6317,FL,R
8720782,"Sutherlands Still, Dunns Creek",29.5717,-81.6067,FL,S
8720793,Piney Bluff Landing,29.5583,-81.5733,FL,R
8720832,Welaka,29.4767,-81.675,FL,R
8720833,"Smith Creek, Flagler Beach",29.4783,-81.1367,FL,S
8720954,"Ormond Beach, Halifax River",29.28499984741211,-81.05329895019531,FL,S
8721120,"Daytona Beach Shores, Sunglow Pier",29.1467,-80.9633,FL,S
8721138,"Ponce Inlet, Halifax River",29.0817,-80.9367,FL,S
8721147,Ponce de Leon Inlet,29.06333333333333,-80.91583333333334,FL,R
8721164,New Smyrna Beach,29.0233,-80.9183,FL,R
8721222,"Packwood Place, Mosquito Lagoon",28.94,-80.87,FL,R
8721223,"Turtle Mound, Mosquito Lagoon",28.9267,-80.825,FL,R
8721604,Port Canaveral (Trident Pier),28.415800094604492,-80.59310150146484,FL,R
8721649,Cocoa Beach,28.3683,-80.6,FL,R
8721727,Patrick Air Force Base,28.245,-80.6,FL,S
8721804,Canova Beach,28.1383,-80.5783,FL,S
8721843,Melbourne Causeway,28.08329963684082,-80.5916976928711,FL,R
8721994,Micco,27.8733,-80.4967,FL,S
8722004,Sebastian Inlet bridge,27.86,-80.4483,FL,S
8722029,Sebastian,27.8117,-80.4633,FL,S
8722059,Wabasso,27.755,-80.425,FL,S
8722105,Vero Beach (ocean),27.67,-80.36,FL,S
8722125,Vero Beach,27.6317,-80.3717,FL,R
8722146,Oslo,27.5933,-80.3567,FL,S
8722207,St. Lucie,27.48,-80.3333,FL,S
8722208,North Beach Causeway,27.4717,-80.325,FL,R
8722212,"Fort Pierce Inlet, south jetty",27.47,-80.2883,FL,S
8722213,"Fort Pierce Inlet, Binney Dock",27.4683,-80.3,FL,R
8722219,"Fort Pierce, South Beach Causeway",27.4567,-80.3233,FL,R
8722274,Ankona,27.355,-80.2733,FL,R
8722312,"Eden, Nettles Island",27.2867,-80.2267,FL,S
8722329,Jensen Beach Causeway Park,27.251699447631836,-80.21829986572266,FL,R
8722334,North Fork,27.2433,-80.3133,FL,S
8722357,Stuart,27.2,-80.2583,FL,S
8722366,Seminole Shores,27.1833,-80.1583,FL,S
8722371,Sewall Point,27.174999237060547,-80.18830108642578,FL,R
8722375,"South Point, St. Lucie Inlet",27.1583,-80.1567,FL,R
8722376,South Fork,27.165,-80.255,FL,S
8722381,Great Pocket,27.155,-80.1717,FL,S
8722383,"Port Salerno, Manatee Pocket",27.1517,-80.195,FL,S
8722404,"Peck Lake, ICWW",27.1133,-80.145,FL,S
8722414,"Gomez, South Jupiter Narrows",27.0933,-80.1367,FL,S
8722429,Hobe Sound bridge,27.065,-80.1233,FL,S
8722445,"Hobe Sound, Jupiter Island",27.0367,-80.1067,FL,S
8722471,"Conch Bar, Jupiter Sound",26.9883,-80.0933,FL,S
8722472,Boy Scout Dock,26.9867,-80.1417,FL,S
8722478,"North Fork, 2 miles above entrance",26.975,-80.1133,FL,S
8722481,3 miles above A1A highway bridge,26.97,-80.1267,FL,S
8722486,"Tequesta, North Fork",26.96,-80.105,FL,S
8722491,"Jupiter Sound, south end",26.9517,-80.08,FL,S
8722492,A1A highway bridge,26.9467,-80.09,FL,S
8722494,"Southwest Fork, 0.5 mile above entrance",26.9433,-80.12,FL,S
8722495,"Jupiter Inlet, south jetty",26.9433,-80.0733,FL,S
8722496,Southwest Fork (spillway),26.935,-80.1433,FL,S
8722499,"Jupiter, Lake Worth Creek, ICWW",26.935,-80.085,FL,S
8722512,"Lake Worth Creek, Day Beacon 19, ICWW",26.9117,-80.08,FL,S
8722528,"Donald Ross Bridge, ICWW",26.8817,-80.07,FL,S
8722548,"PGA Boulevard Bridge, ICWW",26.8433,-80.0667,FL,R
8722557,North Palm Beach,26.8267,-80.055,FL,S
8722588,Port of Palm Beach,26.77,-80.0517,FL,R
8722607,Palm Beach,26.7333,-80.0417,FL,S
8722621,"Palm Beach, Highway 704 bridge",26.705,-80.045,FL,S
8722654,West Palm Beach Canal,26.645,-80.045,FL,S
8722669,Lake Worth ICW,26.6133,-80.0467,FL,R
8722670,Lake Worth Pier (ocean),26.6127778,-80.0341667,FL,R
8722706,"Boynton Beach, Lake Worth",26.54829978942871,-80.05329895019531,FL,S
8722718,"Ocean Ridge, ICWW",26.52669906616211,-80.05329895019531,FL,R
8722746,"Delray Beach, ICWW",26.4733,-80.0617,FL,S
8722761,"South Delray Beach, ICWW",26.4467,-80.065,FL,R
8722784,"Yamato, ICWW",26.4033,-80.07,FL,S
8722802,"Lake Wyman, ICWW",26.37,-80.07,FL,R
8722816,"Boca Raton, Lake Boca Raton",26.343299865722656,-80.07669830322266,FL,R
8722832,"Deerfield Beach, Hillsboro River",26.31329917907715,-80.08170318603516,FL,R
8722854,"Hillsboro Beach, ICWW",26.2733,-80.08,FL,S
8722859,Hillsboro Inlet Marina,26.260000228881836,-80.08499908447266,FL,R
8722861,"Hillsboro Inlet, Coast Guard Light Station",26.2583,-80.0817,FL,S
8722862,Hillsboro Inlet (ocean),26.2567,-80.08,FL,S
8722899,"Lauderdale-by-the-Sea, Anglin Fishing Pier",26.18829917907715,-80.09329986572266,FL,R
8722937,"Fort Lauderdale, Andrews Ave. Bridge",26.11829948425293,-80.1449966430664,FL,R
8722939,Bahia Mar Yacht Club,26.1133,-80.1083,FL,S
8722946,Mayan Lake,26.1,-80.1083,FL,S
8722951,"Port Everglades, Turning Basin",26.0917,-80.1233,FL,S
8722956,"South Port Everglades, ICWW",26.0816667,-80.1166667,FL,R
8722957,"Whiskey Creek, north end",26.08,-80.1117,FL,S
8722968,"Port Laudania, Dania cut-off Canal",26.06,-80.13,FL,S
8722971,"Whiskey Creek, south entrance, ICWW",26.055,-80.1133,FL,S
8722977,"Hollywood Beach, West Lake, north end",26.0433,-80.1267,FL,S
8722979,Hollywood Beach,26.04,-80.115,FL,S
8722982,"Hollywood Beach, West Lake, south end",26.0333,-80.1233,FL,S
8723026,"Golden Beach, ICWW",25.9667,-80.125,FL,S
8723044,Dumfoundling Bay,25.9417,-80.125,FL,S
8723050,"North Miami Beach, Newport Fishing Pier",25.93,-80.12,FL,S
8723073,Bakers Haulover Inlet (inside),25.9033,-80.125,FL,S
8723080,"Haulover Pier, N. Miami Beach",25.9033,-80.12,FL,R
8723087,"Sunny Isles, Biscayne Creek",25.9283,-80.13,FL,S
8723089,"Biscayne Creek, ICWW",25.88,-80.1633,FL,S
8723094,"Indian Creek Golf Club, ICWW",25.875,-80.1433,FL,S
8723155,"Dodge Island, Fishermans Channel",25.77,-80.1683,FL,S
8723156,San Marino Island,25.7933,-80.1633,FL,S
8723165,"Miami Miamarina, Biscayne Bay",25.7783,-80.185,FL,R
8723170,Miami Harbor Entrance,25.7683,-80.1317,FL,R
8723178,"GOVERNMENT CUT, MIAMI HARBOR ENTRANCE",25.7633,-80.13,FL,R
8723205,Dinner Key Marina,25.7267,-80.2367,FL,S
8723214,"Virginia Key, Biscayne Bay",25.731399536132812,-80.16179656982422,FL,R
8723232,"Key Biscayne Yacht Club, Biscayne Bay",25.6983,-80.17,FL,S
8723251,"Coral Shoal, Biscayne Channel",25.6517,-80.16,FL,S
8723289,"Cutler, Biscayne Bay",25.615,-80.305,FL,R
8723303,Soldier Key,25.59,-80.1617,FL,S
8723350,"Ragged Keys, Biscayne Bay",25.5333,-80.1717,FL,S
8723355,"Boca Chita Key, Biscayne Bay",25.5233,-80.175,FL,R
8723372,"Sands Key, northwest point, Biscayne Bay",25.5067,-80.1883,FL,S
8723391,"Coon Point, Elliott Key, Biscayne Bay",25.48,-80.1883,FL,S
8723393,"Sea Grape Point, Elliott Key",25.4767,-80.18,FL,S
8723409,"Elliott Key Harbor, Elliott Key, Biscayne Bay",25.4533,-80.1967,FL,R
8723423,"Turkey Point, Biscayne Bay",25.4367,-80.33,FL,R
8723439,"Billys Point, south of, Elliott Key, Biscayne Bay",25.415,-80.21,FL,S
8723453,"Adams Key, south end, Biscayne Bay",25.3967,-80.2333,FL,S
8723457,"Christmas Point, Elliott Key",25.3917,-80.23,FL,S
8723465,"East Arsenicker, Card Sound",25.3733,-80.29,FL,R
8723467,"Totten Key, west side, Biscayne Bay",25.3783,-80.2567,FL,S
8723491,"Card Sound, western side",25.345,-80.3317,FL,S
8723506,"Pumpkin Key, south end, Card Sound",25.325,-80.2933,FL,R
8723518,"Wednesday Point, Key Largo, Card Sound",25.31,-80.2983,FL,S
8723519,"Ocean Reef Harbor, Key Largo",25.3083,-80.2767,FL,S
8723532,"Cormorant Point, Key Largo, Card Sound",25.29,-80.34,FL,S
8723534,Little Card Sound bridge,25.2883,-80.37,FL,R
8723571,"Main Key, Barnes Sound",25.24,-80.4,FL,S
8723575,"Manatee Creek, Manatee Bay, Barnes Sound",25.235,-80.43,FL,S
8723583,Carysfort Reef,25.2217,-80.2117,FL,S
8723622,"Garden Cove, Key Largo",25.1717,-80.3667,FL,S
8723644,"Flamingo, Florida Bay",25.1417,-80.9233,FL,S
8723651,"Largo Sound, Key Largo",25.14,-80.395,FL,S
8723667,"Key Largo, South Sound, Key Largo",25.113333333332992,-80.41666666666701,,S
8723689,"Rock Harbor, Key Largo",25.0817,-80.4467,FL,S
8723691,"Point Charles, Key Largo",25.0817,-80.45,FL,S
8723746,"Crane Keys, north side, Florida Bay",25.005,-80.6183,FL,S
8723747,"Tavernier Harbor, Hawk Channel",25.005,-80.5167,FL,S
8723748,"Tavernier Creek, Hwy. 1 bridge, Hawk Channel",25.0033,-80.53,FL,S
8723752,"East Key, southern end, Florida Bay",24.9967,-80.61,FL,S
8723769,"Plantation Key, Hawk Channel",24.9733,-80.55,FL,S
8723776,"Yacht Harbor, Cowpens Anchorage, Plantation Key",24.965,-80.5683,FL,S
8723786,"Snake Creek, USCG Station, Plantation Key",24.9533,-80.5867,FL,S
8723787,"Snake Creek, Hwy. 1 bridge, Windley Key",24.9517,-80.5883,FL,S
8723795,"Whale Harbor, Windley Key, Hawk Channel",24.94,-80.6083,FL,S
8723797,"Whale Harbor Channel, Hwy. 1 bridge, Windley Key",24.9383,-80.61,FL,S
8723807,"Shell Key, northwest side, Lignumvitae Basin",24.9233,-80.6717,FL,S
8723808,"Islamorada, Upper Matecumbe Key, Florida Bay",24.925,-80.6317,FL,S
8723812,"Shell Key Channel, Florida Bay",24.9133,-80.66,FL,S
8723813,"Little Basin, Upper Matecumbe Key, Florida Bay",24.915,-80.64,FL,S
8723814,"Upper Matecumbe Key, Hawk Channel",24.915,-80.6317,FL,S
8723824,"Lignumvitae Key, NE side, Florida Bay",24.9033,-80.695,FL,S
8723825,"Lignumvitae Key, west side, Florida Bay",24.9,-80.705,FL,S
8723828,"Upper Matecumbe Key, west end, Hawk Channel",24.8967,-80.6583,FL,S
8723843,"Indian Key, Hawk Channel",24.8767,-80.6767,FL,S
8723851,"Indian Key Anchorage, Lower Matecumbe Key",24.8683,-80.7033,FL,S
8723852,"Matecumbe Bight, Lower Matecumbe Key, Fla. Bay",24.865,-80.7167,FL,S
8723861,"Alligator Reef, Hawk Channel",24.85,-80.6183,FL,S
8723862,"Matecumbe Harbor, Lower Matecumbe Key, Fla. Bay",24.8517,-80.74,FL,S
8723868,"Channel Two, east, Lower Matecumbe Key, Fla. Bay",24.845,-80.7483,FL,S
8723869,"Channel Two, west side, Hawk Channel",24.8417,-80.7533,FL,S
8723872,"Channel Five, west side, Hawk Channel",24.84,-80.78,FL,S
8723873,"Jewfish Hole, Long Key, Florida Bay",24.83830555555556,-80.79830555555556,FL,S
8723874,"Channel Five, east side, Hawk Channel",24.8367,-80.7667,FL,S
8723879,"Long Key Bight, Long Key",24.8283,-80.8083,FL,S
8723887,"Long Key Lake, Long Key",24.823383331298828,-80.81266021728516,FL,S
8723899,"Long Key, western end",24.8033,-80.85,FL,S
8723906,"Conch Key, eastern end",24.7917,-80.8833,FL,S
8723912,Toms Harbor Cut,24.7833,-80.9067,FL,S
8723918,"Toms Harbor Channel, Hwy. 1 bridge",24.7767,-80.9233,FL,S
8723921,"Grassy Key, north side, Florida Bay",24.7717,-80.94,FL,S
8723927,"Duck Key, Hawk Channel",24.765,-80.9133,FL,S
8723933,"Grassy Key, south side, Hawk Channel",24.755,-80.9583,FL,S
8723949,"Fat Deer Key, Florida Bay",24.7333,-81.0167,FL,S
8723950,Vaca Key-Fat Deer Key bridge,24.73,-81.03,FL,S
8723962,Key Colony Beach,24.7183,-81.0167,FL,R
8723970,"VACA KEY, USCG STATION, FLORIDA BAY",24.711,-81.1065,FL,R
8723971,"Boot Key Harbor bridge, Boot Key",24.7033,-81.105,FL,S
8723999,"Sombrero Key, Hawk Channel",24.6267,-81.1117,FL,S
8724008,"Knight Key Channel, Knight Key, Florida Bay",24.7067,-81.125,FL,S
8724032,"Pigeon Key, south side, Hawk Channel",24.7033,-81.155,FL,S
8724033,"Pigeon Key, north side, Florida Bay",24.705,-81.1567,FL,S
8724062,"Molasses Key Channel, Molasses Keys",24.6833,-81.1917,FL,S
8724082,Money Key,24.6833,-81.2167,FL,S
8724093,"Little Duck Key, east end, Hawk Channel",24.6817,-81.2283,FL,S
8724094,"East Bahia Honda Key, south end, Florida Bay",24.775,-81.2267,FL,S
8724098,"Cocoanut Key, Florida Bay",24.745,-81.2367,FL,S
8724099,Missouri Key-Little Duck Key Channel,24.68,-81.235,FL,S
8724107,"Missouri Key-Ohio Key Channel, west side",24.6733,-81.2433,FL,S
8724112,"Ohio Key-Bahia Honda Key Channel, west side",24.67,-81.2517,FL,S
8724129,West Bahia Honda Key,24.78,-81.2717,FL,S
8724138,"Bahia Honda Key, Bahia Honda Channel",24.655,-81.2817,FL,S
8724139,"Horseshoe Keys, south end",24.7667,-81.2833,FL,S
8724153,"Johnson Keys, south end",24.7433,-81.3,FL,S
8724154,"Little Pine Key, south end",24.7133,-81.3033,FL,S
8724168,"No Name Key, east side, Bahia Honda Channel",24.6983,-81.3183,FL,S
8724172,"Johnson Keys, north end",24.7667,-81.3233,FL,S
8724177,"Little Pine Key, north end",24.75,-81.3283,FL,S
8724178,"Big Pine Key, Spanish Harbor",24.6483,-81.33,FL,S
8724189,"Water Key, west end, Big Spanish Channel",24.74,-81.3417,FL,S
8724192,"Big Pine Key, Coupon Bight",24.6517,-81.35,FL,S
8724193,"Big Pine Key, Bogie Channel Bridge",24.6967,-81.3483,FL,S
8724196,"Porpoise Key, Big Spanish Channel",24.7183,-81.3517,FL,S
8724199,"Crawl Key, Big Spanish Channel",24.7567,-81.3583,FL,S
8724201,"Big Pine Key, Doctors Arm, Bogie Channel",24.69,-81.3567,FL,S
8724205,"Mayo Key, Big Spanish Channel",24.7333,-81.3617,FL,S
8724209,"Little Spanish Key, Spanish Banks",24.7733,-81.3683,FL,S
8724211,"Big Pine Key, Pine Channel Bridge, north side",24.67,-81.3683,FL,S
8724213,"Big Pine Key, Pine Channel Bridge, south side",24.6683,-81.3717,FL,S
8724215,"Big Pine Key, Newfound Harbor Channel",24.6517,-81.375,FL,S
8724223,"Little Torch Key, Pine Channel Bridge, south side",24.665,-81.3867,FL,S
8724224,"Little Torch Key, Pine Channel Bridge, south side",24.665,-81.3867,FL,S
8724226,"Big Pine Key, northeast shore",24.7283,-81.3867,FL,S
8724227,"Big Pine Key, west side, Pine Channel",24.69,-81.3833,FL,S
8724229,"Annette Key, north end, Big Spanish Channel",24.7583,-81.39,FL,S
8724231,"Big Pine Key, north end",24.745,-81.395,FL,S
8724232,"Little Torch Key, Torch Channel",24.665,-81.395,FL,S
8724237,"Middle Torch Key, Torch Ramrod Channel",24.6617,-81.4017,FL,S
8724238,"Munson Island, Newfound Harbor Channel",24.6233,-81.4033,FL,S
8724239,"Ramrod Key, Newfound Harbor",24.65,-81.4033,FL,S
8724243,"Howe Key, south end, Harbor Channel",24.725,-81.4067,FL,S
8724246,Big Spanish Key,24.7883,-81.4117,FL,S
8724255,"Ramrod Key, Niles Channel Bridge",24.66,-81.4233,FL,S
8724257,"Howe Key, northwest end",24.7583,-81.4283,FL,S
8724264,"Big Torch Key, Niles Channel",24.705,-81.4333,FL,S
8724266,"Summerland Key, Niles Channel South",24.6517,-81.435,FL,S
8724267,"Summerland Key, Niles Channel Bridge",24.66,-81.4367,FL,S
8724273,"Water Keys, south end, Harbor Channel",24.7467,-81.45,FL,S
8724274,"Big Torch Key, Harbor Channel",24.7367,-81.4433,FL,S
8724276,"Summerland Key, southwest side, Kemp Channel",24.65,-81.4467,FL,S
8724292,Kemp Channel Viaduct,24.6617,-81.4683,FL,S
8724293,"Key Lois, southeast end",24.6067,-81.47,FL,S
8724302,"Knockemdown Key, north end",24.715,-81.4783,FL,S
8724306,"Gopher Key, Cudjoe Bay",24.6417,-81.485,FL,S
8724307,"Content Keys, Content Passage",24.79,-81.4833,FL,S
8724311,"Raccoon Key, east side",24.7417,-81.4833,FL,S
8724313,"Cudjoe Key, Cudjoe Bay",24.66,-81.4917,FL,S
8724326,"Sugarloaf Key, Pirates Cove",24.6533,-81.515,FL,S
8724327,"Sugarloaf Key, east side, Tarpon Creek",24.6283,-81.51,FL,S
8724328,"Cudjoe Key, north end, Kemp Channel",24.7,-81.505,FL,S
8724332,"Cudjoe Key, Pirates Cove",24.6617,-81.515,FL,S
8724334,Tarpon Creek,24.63,-81.5167,FL,S
8724347,"Sugarloaf Key, northeast side, Bow Channel",24.6717,-81.5333,FL,S
8724353,Park Channel Bridge,24.655,-81.54,FL,S
8724367,North Harris Channel,24.6533,-81.5533,FL,S
8724368,"Sugarloaf Key, north end, Bow Channel",24.6933,-81.555,FL,S
8724369,"Sawyer Key, inside, Cudjoe Channel",24.7583,-81.5617,FL,S
8724370,"Sawyer Key, outside, Cudjoe Channel",24.7583,-81.5617,FL,S
8724373,"Pumpkin Key, Bow Channel",24.7167,-81.5617,FL,S
8724378,Perky,24.6483,-81.57,FL,S
8724397,"Johnston Key, southwest end, Turkey Basin",24.71,-81.5933,FL,S
8724405,"Saddlebunch Keys, Channel No. 3",24.6233,-81.6033,FL,S
8724409,"Snipe Keys, southeast end, Inner Narrows",24.6583,-81.6083,FL,S
8724417,"Saddlebunch Keys, Channel No. 4",24.615,-81.6167,FL,S
8724422,"Saddlebunch Keys, Similar Sound",24.6,-81.6217,FL,S
8724423,"Saddlebunch Keys, Channel No. 5",24.6117,-81.6233,FL,S
8724427,"Snipe Keys, Middle Narrows",24.6667,-81.63,FL,S
8724436,"Bird Key, Similar Sound",24.5883,-81.6383,FL,S
8724438,"Shark Key, southeast end, Similar Sound",24.6033,-81.645,FL,S
8724441,"O'Hara Key, north end, Waltz Key Basin",24.6167,-81.645,FL,S
8724448,"Waltz Key, Waltz Key Basin",24.6467,-81.6533,FL,S
8724459,"Rockland Key, Rockland Channel Bridge",24.5917,-81.67,FL,S
8724463,"Snipe Keys, Snipe Point",24.6917,-81.6733,FL,S
8724474,"Duck Key Point, Duck Key, Waltz Key Basin",24.6233,-81.685,FL,S
8724485,"Boca Chica Key, Long Point",24.6033,-81.6983,FL,S
8724489,"Big Coppitt Key, northeast side, Waltz Key Basin",24.6017,-81.655,FL,S
8724493,Boca Chica Marina,24.575,-81.7083,FL,R
8724499,"Boca Chica Key, Southwest end",24.5633,-81.7133,FL,S
8724503,Boca Chica Channel Bridge,24.5767,-81.7217,FL,S
8724507,"Channel Key, west side",24.6033,-81.725,FL,S
8724517,Key Haven - Stock Island Channel,24.58,-81.7383,FL,S
8724527,Cow Key Channel,24.57,-81.75,FL,S
8724529,"Riveria Canal, Key West",24.565,-81.7517,FL,S
8724542,"Sigsbee Park, Garrison Bight Channel",24.585,-81.775,FL,S
8724557,"Key West, south side, White Street Pier",24.545,-81.7833,FL,S
8724571,"Fleming Key, north end",24.5917,-81.795,FL,R
8724580,KEY WEST,24.555700302124023,-81.80789947509766,FL,R
8724635,"Sand Key Lighthouse, Sand Key Channel",24.4533,-81.8783,FL,R
8724671,Smith Shoal Light,24.71827777777778,-81.92152777777778,FL,R
8724697,"Garden Key, Dry Tortugas",24.6267,-82.8717,FL,S
8724698,"Loggerhead Key, Dry Tortugas",24.6317,-82.92,FL,R
8724769,Shark River entrance,25.345,-81.1267,FL,S
8724842,Lostmans River entrance,25.5533,-81.2133,FL,S
8724863,"Onion Key, Lostmans River",25.6117,-81.1333,FL,S
8724891,Chatham River entrance,25.69,-81.285,FL,S
8724919,Chokoloskee,25.8133,-81.3633,FL,S
8724932,Indian Key,25.799999237060547,-81.4666976928711,,S
8724947,Cape Romano,25.8533,-81.675,FL,S
8724948,"Everglades City, Barron River",25.8583,-81.3867,,S
8724963,Pumpkin Bay,25.895,-81.5583,FL,R
8724964,Coon Key,25.8967,-81.6367,FL,R
8724967,"Marco Island, Caxambas Pass",25.9083,-81.7283,FL,R
8724991,"Marco, Big Marco River",25.9717,-81.7283,FL,R
8724996,McIlvaine Bay,25.985,-81.7017,FL,R
8725019,Keewaydin island (inside),26.025,-81.7683,FL,R
8725110,Naples (outer coast),26.1316667,-81.8075,FL,R
8725114,"Naples, Naples Bay, north end",26.136699676513672,-81.78829956054688,FL,R
8725228,"Cocohatchee River, U.S. 41 bridge",26.2817,-81.8017,FL,S
8725235,"Wiggins Pass, Cocohatchee River",26.29,-81.8183,FL,S
8725283,Little Hickory Island,26.353300094604492,-81.8550033569336,FL,R
8725319,Coconut Point,26.4,-81.8433,FL,R
8725325,"Carlos Point, Estero Bay",26.405000686645508,-81.88500213623047,FL,R
8725346,Estero River,26.43,-81.8567,FL,S
8725351,"Estero Island, Estero Bay",26.4383,-81.9183,FL,R
8725362,"Tarpon Bay, Sanibel Island",26.4433,-82.0817,FL,R
8725366,Matanzas Pass (fixed bridge) Estero Island,26.4567,-81.9533,FL,S
8725377,"Hendry Creek, Estero Bay",26.47,-81.8767,FL,R
8725383,Captiva Island (outside),26.4783,-82.1833,FL,R
8725391,"Punta Rassa, San Carlos Bay",26.488300323486328,-82.01329803466797,FL,R
8725393,"St. James City, Pine Island",26.49169921875,-82.08170318603516,FL,R
8725411,"Galt Island, Pine Island Sound",26.5133,-82.1067,FL,S
8725417,"Captiva Island, Pine Island Sound",26.5217,-82.1883,FL,S
8725418,Iona Shores,26.5217,-81.965,FL,S
8725439,"Tropical Homesites Landing, Pine Island",26.5483,-82.08,FL,S
8725441,"Redfish Pass, Captiva Island (north end)",26.55,-82.1967,FL,S
8725451,Cape Coral Bridge,26.56329917907715,-81.93329620361328,FL,R
8725488,North Captiva Island,26.605,-82.2183,FL,R
8725506,Matlacha Pass (bascule bridge),26.63170051574707,-82.06829833984375,FL,R
8725520,Fort Myers,26.64777777777778,-81.8711111111111,FL,R
8725528,"Pineland, Pine Island",26.66,-82.155,FL,S
8725541,"Bokeelia, Charlotte Harbor",26.70669937133789,-82.16329956054688,FL,R
8725577,"Port Boca Grande, Charlotte Harbor",26.719999313354492,-82.25830078125,FL,R
8725649,Turtle Bay,26.7967,-82.1833,FL,R
8725667,"Placida, Gasparilla Sound",26.83329963684082,-82.26499938964844,FL,S
8725685,"Don Pedro Island State Park, Cutoff (south)",26.855,-82.3033,FL,R
8725744,"Punta Gorda, Charlotte Harbor",26.9283,-82.065,FL,S
8725745,"Locust Point, Hog Island",26.93,-82.1367,FL,R
8725747,"Englewood, Lemon Bay",26.9333,-82.3533,FL,S
8725769,"El Jobean, Myakka River",26.9617,-82.21,FL,S
8725791,"Shell Point, Peace River, Charlotte Harbor",26.9883,-81.9933,FL,R
8725809,"Manasota, Lemon Bay",27.0117,-82.41,FL,R
8725837,"Myakka River, US 41 bridge",27.045,-82.2933,FL,R
8725858,Venice Municipal Airport,27.0717,-82.4533,FL,R
8725889,Venice Inlet (inside),27.1117,-82.4633,FL,S
8726034,"Siesta Key, Big Sarasota Pass",27.283899307250977,-82.56500244140625,FL,R
8726045,Hayden Roberts Bay,27.29170036315918,-82.54170227050781,FL,S
8726083,"Sarasota, Sarasota Bay",27.3317,-82.545,FL,S
8726089,"Longboats Key, Sarasota Bay",27.34000015258789,-82.58999633789062,FL,S
8726159,"Whitfield Estates, Sarasota Bay",27.408300399780273,-82.58000183105469,FL,S
8726217,"Cortez, Sarasota Bay",27.4667,-82.6867,FL,S
8726232,Perico Island,27.4867000579834,-82.68669891357422,FL,S
8726233,Palma Sola Bay (South),27.485000610351562,-82.6449966430664,FL,S
8726243,"Anna Maria Key, Bradenton Beach",27.4967,-82.7133,FL,S
8726247,"Bradenton, Manatee River",27.5,-82.57330322265625,FL,S
8726249,Palma Sola Bay (North),27.503299713134766,-82.64830017089844,FL,S
8726254,Perico Bayou,27.498300552368164,-82.66829681396484,FL,S
8726265,"Ellenton, Manatee River",27.51490020751953,-82.53379821777344,FL,R
8726273,Desoto Point,27.523300170898438,-82.6500015258789,FL,S
8726278,"Redfish Point, Manatee River",27.5267,-82.4817,FL,S
8726282,"Anna Maria Key, city pier",27.5333,-82.73,FL,S
8726347,"Egmont Key, Egmont Channel",27.6017,-82.76,FL,R
8726364,Mullet Key Channel (Skyway),27.615,-82.7267,FL,R
8726384,Port Manatee,27.638700485229492,-82.56210327148438,FL,R
8726425,Cockroach Bay,27.678300857543945,-82.50330352783203,FL,S
8726428,Tierra Verde,27.68829917907715,-82.71829986572266,FL,R
8726436,"Little Manatee River, US 41 Bridge",27.705,-82.4483,FL,R
8726454,Point Pinellas,27.7017,-82.64,FL,S
8726468,Shell Point,27.7183,-82.48,FL,S
8726486,Gulfport,27.7367,-82.7067,FL,S
8726492,Mangrove Point (inside),27.74169921875,-82.4666976928711,FL,S
8726494,"Long Key, 0.5mi N. of Corey Causeway",27.7517,-82.7533,FL,S
8726520,St. Petersburg,27.76059913635254,-82.62689971923828,FL,R
8726533,Johns Pass,27.785,-82.7817,FL,S
8726537,"APOLLO BEACH, HILLSBOROUGH BAY",27.786699295043945,-82.42669677734375,FL,S
8726539,NEWMAN BRANCH,27.7833,-82.4067,FL,R
8726572,The Kitchen,27.81999969482422,-82.38670349121094,FL,S
8726573,Gadsden Point,27.821699142456055,-82.48500061035156,FL,S
8726574,Madeira Beach Causeway,27.8083,-82.795,FL,S
8726601,Indian Rocks Beach (Coastal),27.873300552368164,-82.85169982910156,FL,S
8726604,"Long Shoal, MacDill AFB",27.854999542236328,-82.4800033569336,FL,S
8726607,Old Port Tampa,27.857799530029297,-82.55280303955078,FL,R
8726614,Alafia River North,27.8700008392334,-82.32830047607422,FL,S
8726625,Indian Rocks Beach (inside),27.876699447631836,-82.8499984741211,FL,S
8726639,Ballast Point,27.89,-82.48,FL,R
8726641,"Gandy Bridge, Old Tampa Bay",27.8933,-82.5383,FL,S
8726651,"Pendola Point, Hillsborough Bay",27.8983,-82.4267,FL,S
8726657,"Davis Island, Hillsborough Bay",27.9083,-82.4517,FL,S
8726667,McKay Bay Entrance,27.913299560546875,-82.42500305175781,FL,R
8726668,"Tampa, Hooker Point, Hillsborough Bay",27.91830062866211,-82.44499969482422,FL,S
8726674,"East Bay, Tampa Bay",27.923099517822266,-82.42140197753906,FL,R
8726685,Twenty-Second Street Causeway,27.93829917907715,-82.43170166015625,FL,S
8726689,"Bay Aristocrat Village, Old Tampa Bay",27.9417,-82.72,FL,S
8726693,"Hillsborough River Entrance, Tampa",27.946699142456055,-82.46170043945312,FL,S
8726696,Palm River Entrance,27.946699142456055,-82.40170288085938,FL,S
8726706,Clearwater,27.954999923706055,-82.80670166015625,FL,S
8726711,"West Tampa, Hillsborough River",27.959999084472656,-82.46829986572266,FL,S
8726724,Clearwater Beach,27.978300094604492,-82.83170318603516,FL,R
8726738,"Safety Harbor, Old Tampa Bay",27.9883,-82.685,FL,R
8726761,"Dunedin, St. Joseph Sound",28.0132999420166,-82.79329681396484,FL,S
8726769,Mobbly Bayou,28.0217,-82.655,FL,S
8726809,Honeymoon Island,28.06170082092285,-82.81330108642578,FL,S
8726819,Ozona,28.06999969482422,-82.78170013427734,FL,S
8726853,Indian Bluff Island,28.103300094604492,-82.7782974243164,FL,S
8726892,"Spring Bayou, Tarpon Springs",28.146699905395508,-82.75830078125,FL,S
8726899,Kreamer Bayou,28.149999618530273,-82.77169799804688,FL,S
8726904,Howard Park Causeway,28.15329933166504,-82.80169677734375,FL,S
8726905,"Tarpon Springs, Anclote River",28.15999984741211,-82.76830291748047,FL,S
8726906,"River Village, Anclote River",28.156700134277344,-82.74669647216797,FL,S
8726908,"North Fork, Anclote River",28.158300399780273,-82.75669860839844,FL,S
8726917,"Anclote Key, southern end",28.165,-82.8433,FL,R
8726924,"Anclote, Anclote River",28.17169952392578,-82.78500366210938,FL,S
8726942,North Anclote Key,28.209999084472656,-82.83999633789062,FL,S
8726978,"Bailey's Bluff, Gulfside",28.204999923706055,-82.7833023071289,FL,S
8726988,"Fillman's Creek, New Port Richey",28.229999542236328,-82.75330352783203,FL,S
8726995,Gulf Harbors,28.24329948425293,-82.76329803466797,FL,S
8726996,"Cross Bayou, New Port Richey",28.246700286865234,-82.73500061035156,FL,S
8727001,"New Port Richey, Pithlachascotee River",28.248300552368164,-82.72329711914062,FL,S
8727012,"Hwy. 19 bridge, Pithlachascotee River",28.268299102783203,-82.72669982910156,FL,S
8727061,"Hudson, Hudson Creek",28.3617,-82.71,FL,S
8727086,Fillmans Bayou,28.413299560546875,-82.67669677734375,FL,S
8727097,"Aripeka, Hammock Creek",28.4333,-82.6683,FL,S
8727122,"Hernando Beach, Rocky Creek, Little Pine I. Bay",28.4867,-82.6617,FL,S
8727151,Bayport,28.5333,-82.65,FL,R
8727235,"Johns Island, Chassahowitzka Bay",28.6917,-82.6383,FL,R
8727246,"Chassahowitzka, Chassahowitzka River",28.715,-82.5767,FL,R
8727274,"Mason Creek, Homosassa Bay",28.7617,-82.6383,FL,R
8727277,"Tuckers Island, Homosassa River",28.7717,-82.695,FL,R
8727293,"Halls River bridge, Homosassa River",28.8,-82.6033,FL,R
8727306,"Ozello, St. Martins River",28.825,-82.6583,FL,R
8727328,"Ozello north, Crystal Bay",28.8633,-82.6667,FL,R
8727333,"Mangrove Pt., Crystal Bay",28.87,-82.7233,FL,R
8727336,"Dixie Bay, Salt River, Crystal Bay",28.8817,-82.635,FL,R
8727343,Kings Bay,28.8983,-82.5983,FL,R
8727348,Twin Rivers Marina,28.905,-82.6383,FL,R
8727359,"Shell Island, north end",28.9233,-82.6917,FL,R
8727386,Florida Power,28.96,-82.725,FL,S
8727395,Withlacoochee River entrance,29.0017,-82.7583,FL,S
8727520,Cedar Key,29.135000228881836,-83.03170013427734,FL,R
8727535,Shell Mound,29.20639991760254,-83.0697021484375,FL,R
8727577,"Suwannee, Salt Creek",29.3283,-83.1517,FL,S
8727648,HORSESHOE POINT,29.4367,-83.2933,FL,R
8727695,"Steinhatchee River ent., Deadman Bay",29.6717,-83.39,FL,S
8727792,Hagens Cove,29.79669952392578,-83.58380126953125,FL,R
8727843,Spring Warrior Creek,29.92,-83.6717,FL,R
8727956,Econfina River,30.0533,-83.91,FL,R
8727976,"Snipe Island, Econfina River State Park",30.061899185180664,-83.95269775390625,FL,R
8727989,"Mandalay, Aucilla River",30.1267,-83.975,FL,S
8728104,Port Leon,30.124399185180664,-84.14900207519531,FL,R
8728130,ST. MARKS RIVER ENTRANCE,30.0783,-84.1783,FL,R
8728142,"St. Marks, St. Marks River",30.1533,-84.2033,FL,S
8728152,"St. Marks, Wakulla River",30.158899307250977,-84.21859741210938,FL,R
8728229,"Shell Point, Walker Creek",30.05833333333333,-84.29055555555556,FL,R
8728237,"Bald Point, Ochlockonee Bay",29.9483,-84.3417,FL,R
8728262,"Wakulla Airport, Ochlockonee Bay",29.980199813842773,-84.3958969116211,FL,R
8728269,"Panacea, Dickerson Bay",30.02829933166504,-84.38670349121094,FL,R
8728288,"Alligator Point, St. James Island",29.9033,-84.4133,FL,S
8728360,"Turkey Point, St. James Island",29.915,-84.5117,FL,R
8728408,"Dog Island, East End",29.81,-84.585,FL,R
8728412,"Lanark, St. George Sound",29.878299713134766,-84.59500122070312,FL,R
8728464,"Carrabelle, Carrabelle River",29.85,-84.665,FL,S
8728465,"Dog Island, west end",29.785,-84.6667,FL,S
8728486,"St. George Island, Northeast End",29.766700744628906,-84.69999694824219,FL,R
8728488,South Carrabelle Beach,29.801700592041016,-84.73670196533203,FL,R
8728548,"St. George Island, East End",29.6867,-84.7867,FL,S
8728552,"St. George Island, Rattlesnake Cove",29.6917,-84.7917,FL,S
8728593,"East Bayou, Hwy 65 bridge, East Bay",29.818899154663086,-84.85030364990234,FL,R
8728619,"Cat Point, Apalachicola Bay",29.72330093383789,-84.88670349121094,FL,R
8728626,"St. George Island, 12th St. W (Bayside)",29.6533,-84.8967,FL,S
8728669,"St. George Island, Sikes Cut",29.613300323486328,-84.95829772949219,FL,R
8728690,APALACHICOLA,29.7244444,-84.9805556,FL,R
8728694,"WHITE BEACH, EAST BAY",29.785,-84.8983,FL,R
8728711,Apalachicola River (A&N RR bridge),29.7632999420166,-85.0333023071289,FL,S
8728728,"Little St. George Island, Horseshoe Cove",29.603599548339844,-85.04280090332031,FL,R
8728757,"Huckleberry Landing, Jackson River",29.770000457763672,-85.08499908447266,FL,R
8728766,West Pass,29.6333,-85.0967,FL,S
8728786,"Eleven Mile, St. Vincent Sound",29.70669937133789,-85.1532974243164,FL,R
8728819,Lake Wimico,29.821399688720703,-85.17330169677734,FL,R
8728852,"Indian Pass, St. Vincent Sound",29.685100555419922,-85.22129821777344,FL,R
8728853,"White City, ICWW",29.880699157714844,-85.22139739990234,FL,R
8728886,"White City, Gulf County Canal",29.86680030822754,-85.27059936523438,FL,R
8728912,"Port Saint Joe, St. Joseph Bay",29.815,-85.3133,FL,R
8728957,Overstreet,29.996700286865234,-85.37000274658203,FL,R
8728958,"St. Joseph Point, St. Joseph Bay",29.873300552368164,-85.38999938964844,FL,R
8728973,"Wetappo Creek, East Bay",30.038299560546875,-85.39330291748047,FL,S
8728978,"Cape San Blas, Western Cape",29.764400482177734,-85.40249633789062,FL,R
8729015,"Allanton, East Bay",30.030000686645508,-85.46499633789062,FL,S
8729017,"Farmdale, East Bay",30.016700744628906,-85.47000122070312,FL,S
8729026,"Goose Point, East Bay",30.061199188232422,-85.48860168457031,FL,R
8729045,"Laird Bayou, East Bay",30.1217,-85.5283,FL,S
8729082,"Deer Point Lake, Hwy 2321 bridge, North Bay",30.26959991455078,-85.60790252685547,FL,R
8729084,Parker,30.1267,-85.6117,FL,S
8729102,"Lynn Haven, North Bay",30.255,-85.6483,FL,S
8729108,Panama City,30.1497222,-85.6644444,FL,R
8729132,Courtney Point,30.15169906616211,-85.66670227050781,FL,R
8729136,Channel entrance,30.125,-85.73,FL,S
8729142,"Sulphur Point, Port of Panama City",30.183000564575195,-85.73280334472656,FL,R
8729152,Alligator Bayou,30.17,-85.755,FL,S
8729197,"West Bay Creek, West Bay",30.29330062866211,-85.8582992553711,FL,R
8729210,Panama City Beach,30.21375,-85.87858333333334,FL,R
8729376,"Santa Rosa, Hogtown Bayou",30.399999618530273,-86.22830200195312,FL,R
8729425,"Driftwood Point, Choctawhatchee Bay",30.389400482177734,-86.32879638671875,FL,R
8729479,"Rocky Bayou, Choctawhatchee Bay",30.50670051574707,-86.44670104980469,FL,R
8729501,Valparaiso,30.503299713134766,-86.49330139160156,FL,R
8729511,East Pass (Destin),30.395,-86.5133,FL,S
8729538,"Shalimar, Garnier Bayou",30.435,-86.5867,FL,S
8729547,Okaloosa Island,30.391399383544922,-86.59320068359375,FL,R
8729572,"Mary Esther, Santa Rosa Sound",30.4064998626709,-86.65049743652344,FL,R
8729613,"Harris, The Narrows",30.4083,-86.7317,FL,S
8729678,Navarre Beach,30.3767,-86.865,FL,R
8729702,"Holley, East Bay",30.450000762939453,-86.91829681396484,FL,R
8729717,"Navarre, North Side, East Bay",30.443099975585938,-86.95140075683594,FL,R
8729736,"Woodlawn Beach, Santa Rosa Sound",30.386699676513672,-86.99169921875,FL,R
8729742,"Bay Point, Blackwater River",30.5717,-87.005,FL,S
8729747,"Shield Point, Blackwater River",30.58169937133789,-87.01499938964844,FL,R
8729753,"Hawkins Rec. Park, Blackwater River",30.636699676513672,-87.0282974243164,FL,R
8729791,"Hernandez Point, Escambia Bay",30.454999923706055,-87.0999984741211,FL,R
8729806,"Fishing Bend, Santa Rosa Sound",30.336700439453125,-87.13999938964844,FL,R
8729807,Pensacola Beach Pier,30.3275,-87.141944,FL,R
8729816,"Lora Point, Escambia Bay",30.514999389648438,-87.16169738769531,FL,R
8729824,"Floridatown, Escambia Bay",30.58169937133789,-87.18000030517578,FL,R
8729840,PENSACOLA,30.404399871826172,-87.21119689941406,FL,R
8729868,"Warrington, 2 miles south of",30.345,-87.2733,FL,S
8729887,Fort McRee Breakwater,30.3267,-87.3117,FL,S
8729905,"Millview, Perdido Bay",30.4183,-87.3567,FL,R
8729909,Big Lagoon,30.32670021057129,-87.35669708251953,FL,R
8729941,Blue Angels Park,30.38694444444445,-87.42880555555556,FL,R
8729962,"Nix Point, Perdido Bay",30.3933,-87.425,FL,S
8730561,"Arnica Bay, Mill Point",30.310199737548828,-87.51930236816406,AL,R
8730667,Alabama Point,30.27861111111111,-87.55500030517578,AL,R
8730849,Wolf Bay,30.354999542236328,-87.5999984741211,AL,R
8731269,Gulf State Park Pier,30.248300552368164,-87.66829681396484,AL,R
8731439,"Gulf Shores, ICWW",30.27988888888889,-87.68427777777778,AL,R
8731952,"Bon Secour, Bon Secour River",30.3033,-87.735,AL,S
8732828,Weeks Bay,30.416900634765625,-87.82540130615234,AL,R
8733502,"Fly Creek, Mobile Bay",30.542800903320312,-87.9010009765625,AL,R
8733821,"Point Clear, Mobile Bay",30.48663888888889,-87.93452777777777,AL,R
8733839,"Meaher State Park, Mobile Bay",30.66716666666667,-87.93644444444445,AL,R
8734635,Mobile Point (Fort Morgan),30.2333,-88.02,AL,S
8735180,DAUPHIN ISLAND,30.25,-88.07499694824219,AL,R
8735181,Dauphin Island Hydro,30.25131944444444,-88.07948611111111,AL,R
8735391,Dog River Bridge,30.565200805664062,-88.08799743652344,AL,R
8735523,"East Fowl River, Hwy 193 Bridge",30.443700790405273,-88.11389923095703,AL,R
8736897,Coast Guard Sector Mobile,30.6495,-88.05811111111112,AL,R
8737048,"MOBILE, Mobile River (State Dock)",30.70461111111111,-88.03961111111111,AL,R
8737138,"William Brooks Park, Chichasaw Creek",30.78190040588379,-88.07360076904297,AL,R
8737182,"Lower Hall Landing, Tensaw River",30.8183,-87.915,AL,S
8737373,Lower Bryant Landing,30.9783,-87.8733,AL,R
8738043,"West Fowl River, Hwy 188 bridge",30.37660026550293,-88.15859985351562,AL,R
8739051,"Bayou La Batre, Mississippi Sound",30.3717,-88.275,AL,S
8739803,Bayou LaBatre Bridge,30.40570068359375,-88.2477035522461,AL,R
8740166,"Grand Bay NERR, Mississippi Sound",30.41319444444444,-88.4028888888889,MS,R
8740405,"Petit Bois Island, Mississippi Sound",30.2033,-88.4417,MS,R
8740448,"Point of Pines, Bayou Cumbest",30.3867,-88.44,MS,S
8740993,"Pascagoula, South Side",30.322200775146484,-88.50800323486328,MS,R
8741041,"Dock E, Port of Pascagoula",30.3477778,-88.5058333,MS,R
8741196,"Pascagoula, Mississippi Sound",30.34,-88.5333,MS,R
8741533,Pascagoula NOAA Lab,30.36777777777778,-88.56305555555555,MS,R
8742205,Graveline Bayou Entrance,30.3617,-88.6633,MS,R
8742221,"Horn Island, Mississippi Sound",30.2383,-88.6667,MS,R
8743081,"Hollingsworth Point, Davis Bayou",30.3867,-88.7733,MS,S
8743281,Ocean Springs,30.3917,-88.7983,MS,R
8743735,"Biloxi (Cadet Point), Biloxi Bay",30.39,-88.8567,MS,S
8744117,Biloxi,30.4117,-88.9033,MS,R
8744756,"Ship Island, Mississippi Sound",30.2133,-88.9717,MS,R
8745101,"Handsboro Bridge, Bernard Bayou",30.4067,-89.0267,MS,R
8745375,"Turkey Creek, Bernard Bayou",30.4267,-89.0533,MS,S
8745557,"Gulfport Harbor, Mississippi Sound",30.36,-89.0817,MS,R
8745799,Cat Island,30.2317,-89.1167,MS,S
8746819,"Pass Christian Yacht Club, Mississippi Sound",30.31,-89.245,MS,S
8747437,St. Louis Bay entrance,30.32634166666667,-89.3258,MS,R
8747766,Waveland,30.2817,-89.3667,MS,R
8748038,"Wolf River, Henderson Avenue bridge",30.358333333332993,-89.27333333333299,,S
8749704,"Pearlington, Pearl River",30.24,-89.615,MS,S
8760172,Chandeleur Light,30.0483,-88.8717,LA,S
8760412,"North Pass, Pass a Loutre",29.205,-89.0367,LA,S
8760416,Southeast Pass,29.1167,-89.045,LA,S
8760417,Devon Energy Facility,29.20075,-89.04446666666666,LA,R
8760424,Lonesome Bayou (Thomasin),29.2283,-89.05,LA,S
8760551,SOUTH PASS,28.99,-89.14,LA,R
8760579,"Port Eads, South Pass",29.015,-89.16,LA,S
8760595,Breton Islands,29.4933,-89.1733,LA,S
8760668,Grand Pass,30.126699447631836,-89.2217025756836,LA,R
8760721,Pilottown,29.17930555555556,-89.25883333333333,LA,R
8760736,Joseph Bayou,29.0583,-89.2717,LA,S
8760742,Comfort Island,29.8233,-89.27,LA,S
8760841,Jack Bay,29.3667,-89.345,LA,S
8760889,Grand Bay,29.38655555555556,-89.3801388888889,LA,R
8760922,"Pilots Station East, SW Pass",28.9322,-89.4075,LA,R
8760943,SW Pass,28.925,-89.4183,LA,R
8760959,Southwest Pass,28.9317,-89.4283,LA,S
8761108,Bay Gardene,29.5983,-89.6183,LA,S
8761115,Bay Pomme D'or,29.35059928894043,-89.53990173339844,LA,R
8761212,Empire Jetty,29.25,-89.6083,LA,S
8761289,Bastian Island,29.2867,-89.6633,LA,S
8761305,"Shell Beach, Lake Borgne",29.86811111111111,-89.67325,LA,R
8761402,"The Rigolets, U.S. Highway 90",30.1667,-89.7367,LA,R
8761431,Rat Bayou,29.56669444444444,-89.76336111111111,LA,R
8761432,Bayou Chene,29.512699127197266,-89.7645034790039,LA,R
8761473,"Bayou BonFouca, Route 433",30.2717,-89.7933,LA,S
8761487,"Chef Menteur, Chef Menteur Pass",30.065,-89.8,LA,S
8761529,"MARTELLO CASTLE, LAKE BORGNE",29.945,-89.835,LA,R
8761557,Quatre Bayous Pass,29.31,-89.8533,LA,S
8761677,Independence Island,29.31,-89.9383,LA,S
8761678,"Michoud Substation, ICWW",30.0067,-89.9367,LA,S
8761687,Barataria Pass,29.275,-89.945,LA,S
8761724,"EAST POINT, GRAND ISLE",29.2632999420166,-89.95670318603516,LA,R
8761732,Manilla,29.4267,-89.9767,LA,S
8761742,"Mendicant Island, Barataria Bay",29.318300247192383,-89.9800033569336,LA,R
8761819,"TEXACO DOCK, HACKBERRY BAY",29.4017,-90.0383,LA,R
8761826,Caminada Pass (bridge),29.209999084472656,-90.04000091552734,LA,R
8761899,"Lafitte, Barataria Waterway",29.6667,-90.1117,LA,R
8761927,"New Canal USCG station, Lake Pontchartrain",30.02722222222222,-90.11333333333333,LA,R
8761993,"Tchefuncta River, Lake Pontchartrain",30.3783,-90.16,LA,S
8762075,Port Fourchon,29.114200592041016,-90.19930267333984,LA,R
8762084,"Leeville, Bayou LaFourche",29.2483,-90.2117,LA,R
8762184,"Golden Meadow, Plaisance Canal",29.373300552368164,-90.26499938964844,LA,R
8762223,"East Timbalier Island, Timbalier Bay",29.0767,-90.285,LA,R
8762329,Bayou Faleau,29.47038888888889,-90.34222222222222,LA,R
8762372,"East Bank 1, Norco, B. LaBranche",30.05033333333333,-90.368,LA,R
8762481,"Pelican Islands, Timbalier Bay",29.1283,-90.4233,LA,S
8762483,I-10 BONNET CARRE FLOODWAY,30.067899703979492,-90.38999938964844,LA,R
8762525,"Pointe Au Chien, Cut Off Canal",29.41670036315918,-90.44670104980469,LA,R
8762675,"Timbalier Island, Timbalier Bay",29.0867,-90.5267,LA,S
8762850,"Wine Island, Terrebonne Bay",29.0783,-90.5867,LA,S
8762888,"E. ISLE DERNIERES, LAKE PELTO",29.0717,-90.64,LA,R
8762928,"Cocodrie, Terrebonne Bay",29.245,-90.6617,LA,R
8763206,Caillou Boca,29.0633,-90.8067,LA,S
8763506,"Raccoon Point, Caillou Bay",29.0633,-90.9617,LA,S
8763535,"Texas Gas Platform, Caillou Bay",29.17477777777778,-90.97644444444444,LA,R
8763719,Ship Shoal Light,28.915,-91.0717,LA,S
8763843,Fourleague Bay,29.341800689697266,-91.135498046875,LA,R
8764025,Stouts Pass at Six Mile Lake,29.7433,-91.23,LA,R
8764044,Tesoro Marine Terminal,29.6675,-91.23761111111111,LA,R
8764165,Shell Island,29.4733,-91.305,LA,S
8764227,"LAWMA, Amerada Pass",29.449600219726562,-91.33809661865234,LA,R
8764256,Point Au Fer,29.3333,-91.3533,LA,S
8764311,Eugene Island,29.3717,-91.385,LA,R
8764314,"Eugene Island, North of, Atchafalaya Bay",29.36750030517578,-91.38390350341797,LA,R
8764634,Point Chevreuil,29.5183,-91.555,LA,S
8764706,"Rabbit Island, 5 miles south of",29.42,-91.5933,LA,S
8764931,"Cote Blanche Island, West Cote Blanche Bay",29.735,-91.7133,LA,S
8765026,"South Point, Marsh Island",29.485,-91.7633,LA,S
8765148,Weeks Bay,29.83722222222222,-91.8375,LA,R
8765251,Cypremort Point,29.71336111111111,-91.88,LA,R
8765551,"Southwest Pass, Vermilion Bay",29.58,-92.035,LA,S
8765568,Lighthouse Point,29.5233,-92.0433,LA,S
8765746,"Bayou Fearman, Vermillion Bay",29.674400329589844,-92.13520050048828,LA,R
8765785,Intracoastal City,29.783000946044922,-92.15560150146484,LA,R
8765969,Freshwater Bayou,29.655399322509766,-92.25070190429688,LA,R
8765994,"Schooner Bayou, Vermillion Bay",29.758100509643555,-92.26380157470703,LA,R
8766072,Freshwater Canal Locks,29.55169444444444,-92.30519444444444,LA,R
8766941,Joseph Harbor,29.637500762939453,-92.76719665527344,LA,R
8767095,"Catfish Point, Mermentau River",29.862899780273438,-92.8488998413086,LA,R
8767403,"Mermentau River, Grand Chenier",29.774999618530273,-93.00830078125,LA,R
8767816,Lake Charles,30.2236111,-93.2216667,LA,R
8767911,East Calcasieu Lake,29.993900299072266,-93.27050018310547,LA,R
8767961,"Calcasieu Ship Channel, Bulk Terminal",30.19029998779297,-93.30069732666016,LA,R
8768094,Calcasieu Pass,29.76816666666667,-93.3428888888889,LA,R
8768772,"Gum Cove, ICWW",30.058700561523438,-93.52259826660156,LA,R
8769858,East Sabine Lake,29.812700271606445,-93.86209869384766,LA,R
8770475,Port Arthur,29.86669921875,-93.93000030517578,TX,R
8770520,Rainbow Bridge,29.979999542236328,-93.88169860839844,TX,R
8770542,"Buffalo Bayou, Houston Ship Channel",29.761899948120117,-95.34429931640625,TX,R
8770557,"Point Barrow, Trinity Bay",29.74,-94.8317,TX,S
8770559,"Round Point, Trinity Bay",29.7133,-94.69,TX,R
8770570,Sabine Pass,29.7283992767334,-93.87010192871094,TX,R
8770613,"Morgans Point, Barbours Cut",29.6816667,-94.985,TX,R
8770625,"Umbrella Point, Trinity Bay",29.68,-94.8683,TX,R
8770653,"Cypress, San Jacinto River",29.84670066833496,-95.08830261230469,TX,R
8770733,"Lynchburg Landing, San Jacinto River",29.765,-95.0783,TX,R
8770743,Battleship Texas State Park,29.75670051574707,-95.08999633789062,TX,R
8770752,COX WC-53 Platform,29.62400054931641,-93.75,TX,R
8770777,"Manchester, Houston Ship Channel",29.726299285888672,-95.26580047607422,TX,R
8770808,"High Island, ICWW",29.59469985961914,-94.39029693603516,TX,R
8770822,"Texas Point, Sabine Pass",29.689300537109375,-93.841796875,TX,R
8770931,Smith Point,29.535,-94.7817,TX,R
8770933,Clear Lake,29.5633,-95.0667,TX,R
8770971,Rollover Pass,29.514999389648438,-94.51329803466797,TX,R
8771013,Eagle Point,29.48130555555555,-94.91725277777778,TX,R
8771050,Renaissance SA-13 Platform,29.47900009155273,-93.63999938964844,TX,R
8771074,Fieldwood WC-289 Platform,29.34700012207031,-93.63500213623047,TX,R
8771165,"Sievers Cove, Goat Island",29.431100845336914,-94.71040344238281,TX,R
8771262,"Texas City, Galveston Bay",29.390600204467773,-94.88490295410156,TX,R
8771328,Port Bolivar,29.365,-94.78,TX,R
8771341,"Galveston Bay Entrance, North Jetty",29.35746111111111,-94.724725,TX,R
8771367,Sabine Offshore Light (USCG S-1 Platform),29.4689998626709,-93.72000122070312,TX,R
8771416,"Galveston Bay Entrance, South Jetty",29.32670021057129,-94.69329833984375,TX,R
8771450,"GALVESTON, Galveston Channel",29.309999465942383,-94.79329681396484,TX,R
8771486,GALVESTON RAILROAD BRIDGE,29.302600860595703,-94.89710235595703,TX,R
8771510,Galveston Pleasure Pier,29.2853,-94.7894,TX,R
8771722,"Jamaica Beach, West Bay",29.19860076904297,-94.98829650878906,TX,R
8771801,"Alligator Point, West Bay",29.1667,-95.125,TX,S
8771972,San Luis Pass,29.094999313354492,-95.11329650878906,TX,R
8772132,Christmas Bay,29.0417,-95.175,TX,S
8772391,"Old Brazos River, Freeport",28.96109962463379,-95.36740112304688,TX,R
8772440,Freeport Harbor,28.9483,-95.3083,TX,R
8772447,USCG Freeport,28.94330555555555,-95.3025,TX,R
8772471,Freeport Harbor,28.935699462890625,-95.29419708251953,TX,R
8772479,Freeport Entrance Jetty,28.930299758911133,-95.30590057373047,TX,R
8772985,"Sargent, ICWW",28.77163888888889,-95.61683333333333,TX,R
8773037,Seadrift,28.40690040588379,-96.71240234375,TX,R
8773146,East Matagorda,28.709999084472656,-95.91390228271484,TX,R
8773259,Port Lavaca,28.640600204467773,-96.60980224609375,TX,R
8773701,"PORT O'CONNOR, MATAGORDA BAY",28.45170021057129,-96.38829803466797,TX,R
8773767,Matagorda Bay Entrance Channel,28.42690086364746,-96.3301010131836,TX,R
8773808,Barroom Bay,28.402999877929688,-96.48079681396484,TX,R
8773896,"Shoalwater Flats, Espiritu Santo Bay",28.364500045776367,-96.5802993774414,TX,R
8774230,Aransas Wildlife Refuge,28.228300094604492,-96.79499816894531,TX,R
8774513,Copano Bay,28.118305206298828,-97.02169799804688,TX,R
8774652,"Bayside, Copano Bay",28.068300247192383,-97.19560241699219,TX,R
8774770,Rockport,28.0216667,-97.0466667,TX,R
8775083,"Conn Brown Harbor, Aransas Pass",27.908100128173828,-97.13529968261719,TX,R
8775131,"Portland, Nueces Bay",27.88279914855957,-97.34310150146484,TX,R
8775132,La Qunita Channel North,27.880399703979492,-97.27349853515625,TX,R
8775188,White Point,27.858299255371094,-97.4749984741211,TX,R
8775222,Viola Turning Basin,27.846099853515625,-97.52069854736328,TX,R
8775237,Port Aransas,27.83970069885254,-97.07250213623047,TX,R
8775241,"Aransas, Aransas Pass",27.836599349975586,-97.03910064697266,TX,R
8775244,Nueces Bay,27.832799911499023,-97.48590087890625,TX,R
8775270,Port Aransas (H. Caldwell Pier),27.82670021057129,-97.05000305175781,TX,R
8775283,"Enbridge, Ingleside",27.81861111111111,-97.20894444444444,TX,R
8775296,"Texas State Aquarium, USS Lexington",27.814899444580078,-97.38919830322266,TX,R
8775421,Corpus Christi Naval Air Station,27.704999923706055,-97.27999877929688,TX,R
8775792,Packery Channel,27.63330078125,-97.23670196533203,TX,R
8775870,"Corpus Christi, Bob Hall Pier",27.579999923706055,-97.2166976928711,TX,R
8778485,"Padre Island, Port Mansfield Channel Ent.",26.564199447631836,-97.27649688720703,TX,R
8779280,"Realitos Pennisula, Laguna Madre",26.262399673461914,-97.2853012084961,TX,R
8779724,Queen Isabella Causeway (east end),26.0783,-97.17,TX,S
8779739,Queen Isabella Causeway (west end),26.0717,-97.1917,TX,S
8779748,South Padre Island C.G. Station,26.07309913635254,-97.1675033569336,TX,R
8779749,"South Padre Island, Brazos Santiago Pass",26.0674991607666,-97.15480041503906,TX,R
8779750,PADRE ISLAND (south end),26.0683,-97.1567,TX,R
8779768,South Bay entrance,26.0517,-97.1817,TX,S
8779770,Port Isabel,26.06116666666667,-97.21552777777778,TX,R
8779911,San Martin Lake Channel,26.001800537109375,-97.29859924316406,TX,R
9410032,"Wilson Cove, San Clemente Island",33.005001068115234,-118.55699920654297,CA,R
9410068,San Nicolas Island,33.2667,-119.497,CA,S
9410079,"Avalon, Santa Catalina Island",33.345001220703125,-118.32499694824219,CA,R
9410092,"Catalina Harbor, Santa Catalina Island",33.4317,-118.503,CA,S
9410120,Imperial Beach,32.5783,-117.135,CA,S
9410135,South San Diego Bay,32.62910079956055,-117.10780334472656,CA,R
9410152,"National City, San Diego Bay",32.665,-117.118,CA,S
9410166,"San Diego, Quarantine Station",32.7033,-117.235,CA,S
9410170,SAN DIEGO (Broadway),32.71555555555555,-117.1766666666667,CA,R
9410196,"Mission Bay, Campland",32.793701171875,-117.22380065917969,CA,R
9410230,La Jolla (Scripps Institution Wharf),32.86688888888889,-117.2571388888889,CA,R
9410580,"Newport Bay Entrance, Corona del Mar",33.6033,-117.883,CA,R
9410583,"Balboa Pier, Newport Beach",33.6,-117.9,CA,S
9410599,Santa Ana River entrance (inside),33.63,-117.958,CA,S
9410650,Cabrillo Beach,33.7067,-118.273,CA,S
9410660,LOS ANGELES (Outer Harbor),33.72,-118.272,CA,R
9410678,Long Beach Fire Boat Pier,33.747798919677734,-118.2157974243164,CA,R
9410680,"Long Beach, Terminal Island",33.7517,-118.227,CA,R
9410686,"Long Beach, Inner Harbor",33.7717,-118.21,CA,S
9410738,"King Harbor, Santa Monica Bay",33.8467,-118.398,CA,S
9410777,"El Segundo, Santa Monica Bay",33.9083,-118.433,CA,S
9410840,"Santa Monica, Municipal Pier",34.0083,-118.5,CA,R
9410962,"Bechers Bay, Santa Rosa Island",34.0083,-120.047,CA,S
9410971,"Prisoners Harbor, Santa Cruz Island",34.02,-119.683,CA,S
9410988,"Cuyler Harbor, San Miguel Island",34.0567,-120.355,CA,S
9411065,Port Hueneme,34.1483,-119.203,CA,S
9411189,Ventura,34.2667,-119.283,CA,S
9411270,"Rincon Island, Mussel Shoals",34.3483,-119.443,CA,R
9411340,Santa Barbara,34.40458888888889,-119.6924944444445,CA,R
9411399,"Gaviota State Park, Pacific Ocean",34.46938888888889,-120.2283055555556,CA,R
9411406,Oil Platform Harvest,34.46916666666667,-120.6819444444444,CA,R
9412110,PORT SAN LUIS,35.16888888888889,-120.7541666666667,CA,R
9412553,San Simeon,35.6417,-121.188,CA,S
9412802,Mansfield Cone,35.94952777777777,-121.4819444444445,CA,R
9413375,"Carmel Cove, Carmel Bay",36.52,-121.94,CA,S
9413450,"MONTEREY, MONTEREY BAY",36.6088889,-121.8913889,CA,R
9413616,"Moss Landing, Ocean Pier",36.8017,-121.79,CA,S
9413617,General Fish Company Pier,36.8017,-121.787,CA,S
9413623,"Elkhorn Slough, Highway 1 Bridge",36.81,-121.785,CA,S
9413624,Pacific Mariculture Dock,36.8133,-121.758,CA,S
9413626,Elkhorn Yacht Club,36.8133,-121.787,CA,S
9413631,"Elkhorn, Elkhorn Slough",36.81829833984375,-121.74700164794922,CA,R
9413643,"Tidal Creek, Elkhorn Slough",36.83330154418945,-121.74500274658203,CA,R
9413651,"Kirby Park, Elkhorn Slough",36.84130096435547,-121.74530029296875,CA,R
9413663,Elkhorn Slough railroad bridge,36.85667,-121.755,CA,R
9413745,"Santa Cruz, Monterey Bay",36.9583,-122.017,CA,S
9413878,Ano Nuevo Island,37.1083,-122.338,CA,S
9414131,"Pillar Point Harbor, Half Moon Bay",37.5025,-122.4821666666667,CA,R
9414262,Southeast Farallon Island,37.7,-123.0,CA,S
9414275,"Ocean Beach, outer coast",37.775,-122.513,CA,S
9414290,SAN FRANCISCO (Golden Gate),37.80630555555555,-122.4658888888889,CA,R
9414305,"San Francisco, North Point, Pier 41",37.81,-122.413,CA,S
9414317,"Rincon Point, Pier 22 1/2",37.79,-122.387,CA,R
9414334,Potrero Point,37.7583,-122.383,CA,S
9414358,Hunters Point,37.73,-122.357,CA,R
9414367,"Borden Highway Bridge, San Joaquin River",37.93666666666701,-121.33333333333005,,S
9414391,South San Francisco,37.6667,-122.39,CA,S
9414392,Oyster Point Marina,37.665,-122.377,CA,S
9414402,Point San Bruno,37.65,-122.377,CA,S
9414413,Seaplane Harbor,37.6367,-122.383,CA,S
9414449,Coyote Point Marina,37.5917,-122.313,CA,S
9414458,San Mateo Bridge (west end),37.58,-122.253,CA,R
9414483,"Bay Slough, west end",37.5517,-122.243,CA,S
9414486,"Bay Slough, east end",37.545,-122.222,CA,S
9414501,Redwood Creek Marker 8,37.5333,-122.193,CA,S
9414505,Corkscrew Slough,37.5083,-122.21,CA,S
9414506,Newark Slough,37.5133,-122.08,CA,S
9414507,West Point Slough,37.505,-122.192,CA,S
9414509,Dumbarton Highway Bridge,37.5067,-122.115,CA,R
9414511,Smith Slough,37.5017,-122.223,CA,S
9414513,"Granite Rock, Redwood Creek",37.495,-122.213,CA,S
9414519,Mowry Slough,37.4933,-122.042,CA,S
9414523,"Redwood City, Wharf 5",37.50681388888889,-122.2119055555556,CA,R
9414525,Palo Alto Yacht Harbor,37.4583,-122.105,CA,S
9414539,"Calaveras Point, west of",37.4667,-122.067,CA,S
9414549,Upper Guadalupe Slough,37.435,-122.007,CA,S
9414551,"Gold Street Bridge, Alviso Slough",37.4233,-121.975,CA,S
9414561,"Coyote Creek, Tributary no.1",37.4467,-121.963,CA,S
9414575,"Coyote Creek, Alviso Slough",37.465,-122.023,CA,R
9414609,South Bay Wreck,37.5517,-122.162,CA,S
9414621,Coyote Hills Slough entrance,37.5633,-122.128,CA,S
9414632,Alameda Creek,37.595,-122.145,CA,S
9414637,San Mateo Bridge (east end),37.6083,-122.182,CA,S
9414688,San Leandro Marina,37.695,-122.192,CA,R
9414711,Oakland Airport,37.7317,-122.208,CA,S
9414724,"San Leandro Channel, San Leandro Bay",37.7483,-122.235,CA,S
9414746,"Oakland Harbor, Park Street Bridge",37.7717,-122.235,CA,R
9414750,Alameda,37.77195277777778,-122.3002611111111,CA,R
9414763,"Oakland Harbor, Grove Street",37.795,-122.283,CA,S
9414764,Oakland Inner Harbor,37.79499816894531,-122.28199768066406,CA,R
9414765,Oakland Pier,37.795,-122.33,CA,S
9414767,Alameda Naval Air Station,37.7933,-122.315,CA,S
9414777,Oakland Middle Harbor,37.805,-122.338,CA,S
9414779,"Oakland, Matson Wharf",37.81,-122.327,CA,S
9414782,Yerba Buena Island,37.81,-122.36,CA,S
9414785,Grant Line Canal (drawbridge),37.82,-121.447,CA,S
9414792,Alcatraz Island,37.8267,-122.417,CA,S
9414806,Sausalito,37.8467,-122.477,CA,S
9414811,"Bradmoor Island, Nurse Slough",38.1833,-121.923,CA,R
9414816,Berkeley,37.8650016784668,-122.30699920654297,CA,R
9414817,Angel Island (west side),37.86,-122.443,CA,S
9414818,"Angel Island, East Garrison",37.8633,-122.42,CA,S
9414819,"Sausalito, Corps of Engineers Dock",37.865,-122.493,CA,S
9414835,"Borden Highway Bridge, Middle River",37.8917,-121.488,CA,S
9414836,"Borden Highway Bridge, Old River",37.8833,-121.577,CA,S
9414837,Point Chauncey,37.8917,-122.443,CA,S
9414843,Point Isabel,37.8983,-122.32,CA,S
9414849,Richmond Inner Harbor,37.91,-122.358,CA,S
9414863,"Chevron Oil Company Pier, Richmond",37.92829895019531,-122.4000015258789,CA,R
9414866,"Holt, Whiskey Slough",37.935,-121.435,CA,S
9414868,"Orwood, Old River",37.9383,-121.56,CA,S
9414873,Point San Quentin,37.945,-122.475,CA,S
9414874,Corte Madera Creek,37.94329833984375,-122.51300048828125,CA,R
9414881,Point Orient,37.9583,-122.425,CA,S
9414883,Stockton,37.9583,-121.29,CA,S
9414906,"Point Bonita, Bonita Cove",37.8183,-122.528,CA,S
9414958,Bolinas Lagoon,37.90800094604492,-122.67849731445312,CA,R
9415009,Point San Pedro,37.9933,-122.447,CA,S
9415020,Point Reyes,37.9941667,-122.9736111,CA,R
9415021,Blackslough Landing,37.994998931884766,-121.41999816894531,CA,R
9415052,"Gallinas, Gallinas Creek",38.01499938964844,-122.50299835205078,CA,R
9415053,Dutch Slough,38.0117,-121.638,CA,S
9415056,Pinole Point,38.015,-122.363,CA,R
9415064,Antioch,38.02,-121.815,CA,R
9415074,"Hercules, Refugio Landing",38.0233,-122.292,CA,S
9415095,"Irish Landing, Sand Mound Slough",38.0333,-121.583,CA,S
9415096,"Pittsburg, New York Slough",38.0367,-121.88,CA,S
9415102,Martinez-Amorco Pier,38.03459930419922,-122.12519836425781,CA,R
9415105,"Wards Island, Little Connection Slough",38.04999923706055,-121.49700164794922,CA,R
9415111,Benicia,38.0433,-122.13,CA,S
9415112,Mallard Island Ferry Wharf,38.0433,-121.918,CA,R
9415117,"Bishop Cut, Disappointment Slough",38.045,-121.42,CA,S
9415142,Selby,38.0583,-122.243,CA,S
9415143,Crockett,38.0583,-122.223,CA,R
9415144,"PORT CHICAGO, SUISUN BAY",38.056,-122.0395,CA,R
9415145,False River,38.055,-121.657,CA,S
9415149,Prisoners Point,38.0617,-121.555,CA,S
9415165,"Vallejo, Mare Island Strait",38.1117,-122.273,CA,S
9415176,Collinsville,38.0733,-121.848,CA,S
9415193,Threemile Slough entrance,38.086700439453125,-121.68499755859375,CA,R
9415205,Montezuma Slough,38.0767,-121.885,CA,S
9415218,Mare Island,38.07,-122.25,CA,R
9415227,Point Buckler,38.1,-122.033,CA,S
9415228,"Inverness, Tomales Bay",38.1133,-122.868,CA,S
9415229,"Korths Harbor, San Joaquin River",38.097599029541016,-121.56839752197266,CA,R
9415236,Threemile Slough,38.1067,-121.7,CA,S
9415252,Petaluma River entrance,38.11530555555556,-122.5056666666667,CA,S
9415257,"Terminous, South Fork",38.11,-121.498,CA,S
9415265,Suisun Slough entrance,38.1283,-122.073,CA,R
9415266,"Pierce Harbor, Goodyear Slough",38.1267,-122.1,CA,S
9415287,Georgiana Slough entrance,38.125,-121.578,CA,S
9415307,"Meins Landing, Montezuma Slough",38.1367,-121.907,CA,S
9415316,Rio Vista,38.145,-121.692,CA,R
9415320,"Reynolds, Tomales Bay",38.1467,-122.883,CA,S
9415338,Sonoma Creek,38.1567,-122.407,CA,R
9415339,"Marshall, Tomales Bay",38.1617,-122.893,CA,S
9415344,"Hog Island, San Antonio Creek",38.1617,-122.55,CA,S
9415379,"Joice Island, Suisun Slough",38.18,-122.045,CA,S
9415396,"Blakes Landing, Tomales Bay",38.19,-122.917,CA,S
9415402,Montezuma Slough Bridge,38.1867,-121.98,CA,S
9415414,"Steamboat Slough, Snug Harbor Marina",38.1833,-121.655,CA,S
9415415,"Edgerley Island, Napa River",38.1917,-122.312,CA,S
9415446,"Brazos Drawbridge, Napa River",38.21,-122.307,CA,S
9415447,"Wingo, Sonoma Creek",38.21,-122.427,CA,S
9415469,Tomales Bay entrance,38.2283,-122.977,CA,S
9415478,New Hope Bridge,38.2267,-121.49,CA,S
9415498,"Suisun City, Suisun Slough",38.2367,-122.03,CA,S
9415565,Snodgrass Slough,38.2767,-121.495,CA,S
9415584,"Upper drawbridge, Petaluma River",38.2283,-122.613,CA,S
9415623,"Napa, Napa River",38.2983,-122.28,CA,S
9415625,Bodega Harbor entrance,38.3083,-123.055,CA,S
9415846,Clarksburg,38.4167,-121.523,CA,S
9416024,Fort Ross,38.5133,-123.245,CA,S
9416131,Port of West Sacramento,38.56224822998047,-121.54630279541016,CA,R
9416174,Sacramento,38.58,-121.507,CA,S
9416409,Green Cove,38.70433333333333,-123.4493888888889,CA,R
9416841,ARENA COVE,38.91455555555556,-123.7110833333333,CA,R
9417426,NOYO HARBOR,39.42577777777778,-123.8051111111111,CA,R
9417624,Westport,39.6333,-123.783,CA,S
9418024,Shelter Cove,40.025001525878906,-124.05799865722656,CA,R
9418637,"Cockrobin Island Bridge, Eel River",40.63719940185547,-124.2822036743164,CA,R
9418686,Hookton Slough,40.6867,-124.222,CA,S
9418723,Fields Landing,40.7233,-124.222,CA,R
9418757,Elk River Railroad Bridge,40.7567,-124.193,CA,S
9418767,HUMBOLDT BAY (North Spit),40.76690555555555,-124.2173444444445,CA,R
9418778,Bucksport,40.7783,-124.197,CA,S
9418801,Eureka,40.8067,-124.167,CA,S
9418802,Eureka Slough Bridge,40.8067,-124.142,CA,S
9418817,Samoa,40.8267,-124.18,CA,R
9418851,Arcata Wharf,40.85,-124.117,CA,S
9418865,"Mad River Slough, Arcata Bay",40.865,-124.148,CA,S
9419059,Trinidad Harbor,41.0567,-124.147,CA,S
9419750,CRESCENT CITY,41.74561111111111,-124.1843888888889,CA,R
9419945,"Pyramid Point, Smith River",41.94525,-124.2009166666667,CA,R
9430104,"Brookings, Chetco Cove",42.0433,-124.285,OR,S
9431011,"Gold Beach, Rogue River",42.42163888888889,-124.4187222222222,OR,R
9431647,Port Orford,42.73899841308594,-124.49829864501953,OR,R
9432373,"Bandon, Coquille River",43.12,-124.413,OR,S
9432436,"Rink Creek Entrance, Coquille River",43.157901763916016,-124.18180084228516,OR,R
9432780,CHARLESTON,43.345001220703125,-124.3219985961914,OR,R
9432845,Coos Bay,43.38,-124.215,OR,S
9432864,Empire,43.3917,-124.28,OR,S
9432879,"Sitka Dock, Coos Bay",43.3767,-124.297,OR,S
9433445,"Umpqua River Entrance, Half Moon Bay",43.675,-124.192,OR,R
9433501,Reedsport,43.70830154418945,-124.0979995727539,OR,R
9434032,"Florence, Siuslaw River",43.96670150756836,-124.10299682617188,OR,S
9434068,"Cushman, Siuslaw River",43.98500061035156,-124.04499816894531,OR,R
9434098,"Florence USCG Pier, Siuslaw River",44.00210189819336,-124.12300109863281,OR,R
9434132,Siuslaw River Entrance,44.016700744628906,-124.12999725341797,OR,S
9434938,"Drift Creek, Alsea River",44.4133,-123.99,OR,S
9434939,"Waldport, Alsea Bay",44.43436111111111,-124.0580833333333,OR,R
9435308,"Weiser Point, Yaquina River",44.5933,-124.008,OR,R
9435362,TOLEDO,44.6167,-123.937,OR,S
9435380,Southbeach,44.62544444444445,-124.0449444444444,OR,R
9435385,"YAQUINA USCG STA, NEWPORT",44.6267,-124.055,OR,S
9435827,Depoe Bay,44.81,-124.058,OR,R
9435992,"Chinook Bend, Siletz River",44.880001068115234,-123.9636001586914,OR,R
9436031,"Kernville, Siletz River",44.8967,-124.0,OR,S
9436101,"Taft, Siletz Bay",44.9267,-124.013,OR,S
9436381,"Cascade Head, Salmon River",45.04794444444445,-124.0073055555556,OR,R
9437262,"Netarts, Netarts Bay",45.43,-123.945,OR,S
9437331,"Tillamook, Hoquarten Slough",45.46,-123.845,OR,S
9437381,Dick Point,45.4817,-123.902,OR,R
9437540,Garibaldi,45.55453,-123.9189444443915,OR,R
9437581,Barview,45.5683,-123.943,OR,S
9437585,"North Jetty, Tillamook Bay",45.56999969482422,-123.96499633789062,OR,R
9437815,Brighton,45.67,-123.925,OR,S
9437908,Nehalem,45.71,-123.89,OR,S
9437954,"North Fork, Nehalem River",45.73379898071289,-123.87640380859375,OR,R
9438125,Multnomah Channel,45.81169891357422,-122.8270034790039,OR,R
9438772,"Cathcart Landing, Youngs River",46.12425,-123.8043333333333,OR,R
9439011,"Hammond, Oregon",46.2017,-123.945,OR,R
9439023,"Astoria (Port Docks), Oreg.",46.1867,-123.86,OR,S
9439026,"Astoria (Youngs Bay), Oreg.",46.1717,-123.842,OR,S
9439040,"ASTORIA (Tongue Point), Oreg.",46.207305908203125,-123.76830291748047,OR,R
9439054,"Settlers Point, Oreg.",46.175,-123.678,OR,S
9439069,"Knappa, Knappa Slough",46.1867,-123.588,OR,S
9439099,Wauna,46.15999984741211,-123.40499877929688,OR,R
9439189,Rocky Point,45.6967,-122.868,OR,R
9439201,Saint Helens,45.8650016784668,-122.7969970703125,OR,R
9439221,Portland Morrison Street Bridge,45.51,-122.673,OR,R
9440047,Washougal,45.57830047607422,-122.38200378417969,WA,R
9440079,Beacon Rock State Park,45.62030029296875,-122.02030181884766,WA,R
9440083,Vancouver,45.63117222222222,-122.6957722222222,WA,R
9440171,"Knapp Landing, Willow Bar",45.74169921875,-122.75499725341797,WA,R
9440357,Temco Kalama Terminal,45.986698150634766,-122.83670043945312,WA,R
9440422,Longview,46.10609817504883,-122.9542007446289,WA,R
9440482,Cape Horn,46.15169906616211,-123.29000091552734,WA,R
9440483,Barlow Point,46.152198791503906,-123.03919982910156,WA,R
9440563,"Hungry Harbor, Wash.",46.2583,-123.848,WA,S
9440569,Skamokawa,46.27030555555555,-123.4565,WA,R
9440572,"Fort Canby, Jetty 'A', Wash.",46.2682991027832,-124.03700256347656,WA,R
9440573,"Chinook, Baker Bay, Wash.",46.2717,-123.948,WA,S
9440574,Columbia River entrance (N. Jetty),46.2733,-124.072,WA,S
9440581,Cape Disappointment,46.28102777777778,-124.0462777777778,WA,R
9440597,"Ilwaco, Baker Bay, Wash.",46.3033,-124.04,WA,S
9440650,Greenhead Slough,46.37220001220703,-123.95030212402344,WA,R
9440662,"Naselle River, 4 miles above swing bridge",46.3883,-123.84,WA,S
9440691,"Naselle River, swing bridge",46.43,-123.903,WA,S
9440723,"Paradise Point, Long Island",46.4683,-123.945,WA,S
9440747,Nahcotta,46.5017,-124.023,WA,S
9440813,"Palix River, south fork",46.5867,-123.91,WA,S
9440846,"Bay Center, Palix River",46.6233,-123.945,WA,S
9440875,"South Bend, Willapa River",46.6633,-123.798,WA,R
9440886,"Raymond, Willapa River",46.6833,-123.755,WA,S
9440910,Toke Point,46.7075,-123.9669444,WA,R
9441038,"Bay City, South Bay",46.8617,-124.06,WA,S
9441098,Markham,46.9067,-123.998,WA,S
9441102,"Westport, Point Chehalis",46.90431,-124.1050833331214,WA,R
9441156,Point Brown,46.95,-124.128,WA,S
9441158,"Cosmopolis, Chehalis River",46.9667,-123.778,WA,S
9441187,ABERDEEN,46.9683,-123.853,WA,R
9441627,Point Grenville,47.3033,-124.27,WA,S
9442388,James Island,47.9067,-124.647,WA,S
9442396,"La Push, Quillayute River",47.91283611111111,-124.6357388888889,WA,R
9442705,"Tskawahyah Island, Cape Alava",48.17110061645508,-124.73690032958984,WA,R
9442861,Makah Bay,48.2967,-124.672,WA,S
9442971,"Tatoosh Island, Cape Flattery",48.391700744628906,-124.73699951171875,WA,S
9443090,NEAH BAY,48.37072222222222,-124.6015888888889,WA,R
9443361,"Sekiu, Clallam Bay",48.2633,-124.297,WA,R
9443551,Jim Creek,48.187198638916016,-124.0625,WA,R
9443644,Twin Rivers,48.17499923706055,-123.94999694824219,WA,S
9443826,Crescent Bay,48.1617,-123.725,WA,S
9444090,Port Angeles,48.125,-123.44000244140625,WA,R
9444122,"Ediz Hook, Port Angeles",48.14,-123.413,WA,S
9444471,Dungeness,48.1667,-123.117,WA,S
9444555,Sequim Bay entrance,48.0817,-123.043,WA,S
9444705,"Gardiner, Discovery Bay",48.0583,-122.917,WA,S
9444900,PORT TOWNSEND,48.11122222222222,-122.7596777777778,WA,R
9444971,"Mystery Bay, Marrowstone Island",48.0583,-122.692,WA,S
9444972,Marrowstone Point,48.0917,-122.69,WA,S
9445016,Foulweather Bluff,47.9267,-122.617,WA,R
9445017,Port Ludlow,47.925,-122.68,WA,S
9445059,Port Gamble,47.8583,-122.58,WA,S
9445088,Lofall,47.815,-122.657,WA,S
9445133,Bangor Wharf,47.7483,-122.727,WA,R
9445246,"Whitney Point, Dabob Bay",47.7617,-122.85,WA,S
9445269,"Zelatched Point, Dabob Bay",47.7117,-122.822,WA,S
9445272,"Quilcene, Quilcene Bay, Dabob Bay",47.79999923706055,-122.85800170898438,WA,R
9445293,Pleasant Harbor,47.665,-122.912,WA,S
9445303,"Seabeck, Seabeck Bay",47.6417,-122.828,WA,S
9445326,Triton Head,47.6033,-122.982,WA,S
9445388,Ayock Point,47.5083,-123.052,WA,S
9445441,Lynch Cove Dock,47.4183,-122.9,WA,S
9445478,Union,47.3583,-123.098,WA,R
9445526,Hansville,47.9183,-122.545,WA,S
9445639,"Kingston, Appletree Cove",47.7967,-122.493,WA,S
9445683,Port Jefferson,47.7467,-122.477,WA,S
9445719,"Poulsbo, Liberty Bay",47.725,-122.638,WA,S
9445753,Port Madison,47.705,-122.525,WA,S
9445832,"Brownsville, Port Orchard",47.6517,-122.615,WA,S
9445882,"Eagle Harbor, Bainbridge Island",47.62,-122.515,WA,S
9445901,"Tracyton, Dyes Inlet",47.61,-122.66,WA,S
9445913,Port Blakely,47.5967,-122.51,WA,S
9445938,"Clam Bay, Rich Passage",47.5733,-122.543,WA,S
9445958,"Bremerton, Sinclair Inlet, Port Orchard",47.56169891357422,-122.62300109863281,WA,R
9445993,"Harper, Yukon Harbor",47.5233,-122.517,WA,S
9446025,"Point Vashon, Vashon Island",47.5117,-122.463,WA,S
9446248,"Des Moines, East Passage",47.4,-122.328,WA,S
9446254,"Burton, Quartermaster Hbr. (inside), Vashon I.",47.395,-122.463,WA,S
9446281,"Allyn, Case Inlet",47.3833,-122.823,WA,S
9446291,"Wauna, Carr Inlet",47.378299713134766,-122.63400268554688,WA,R
9446366,"Vaughn, Case Inlet",47.3417,-122.775,WA,S
9446369,Gig Harbor,47.34,-122.588,WA,S
9446375,"Tahlequah, Neil Pt., Dalco Passage, Vashon I.",47.3333,-122.507,WA,S
9446451,"Horsehead Bay, Carr Inlet",47.3017,-122.682,WA,S
9446484,"Tacoma, Commencement Bay, Sitcum Waterway",47.266700744628906,-122.41329956054688,WA,R
9446486,Tacoma Narrows Bridge,47.2717,-122.552,WA,S
9446489,"Walkers Landing, Pickering Passage",47.2817,-122.923,WA,S
9446491,"Arletta, Hale Passage",47.28,-122.652,WA,S
9446500,"Home, Von Geldern Cove, Carr Inlet",47.275,-122.758,WA,S
9446583,"McMicken Island, Case Inlet",47.2467,-122.862,WA,S
9446628,"Shelton, Oakland Bay",47.215,-123.083,WA,S
9446638,"Longbranch, Filucy Bay",47.21,-122.753,WA,S
9446666,"Arcadia, Totten Inlet",47.1967,-122.938,WA,S
9446671,"Devils Head, Drayton Passage",47.1667,-122.763,WA,S
9446705,"Yoman Point, Anderson Island, Balch Passage",47.18,-122.675,WA,R
9446714,"Steilacoom, Cormorant Passage",47.1733,-122.603,WA,S
9446742,"Barron Point, Little Skookum Inlet Entrance",47.156700134277344,-123.00800323486328,WA,S
9446752,Henderson Inlet,47.155,-122.838,WA,S
9446800,"Dofflemeyer Point, Boston Hbr., Budd Inlet",47.1417,-122.903,WA,S
9446804,"SANDY POINT ANDERSON ISLAND, PUGET SOUND",47.15299987792969,-122.67510223388672,WA,R
9446807,"Budd Inlet, Olympia Shoal",47.0983,-122.895,WA,R
9446828,"Dupont Wharf, Nisqually Reach",47.1183,-122.665,WA,S
9446969,"Olympia, Budd Inlet",47.06,-122.903,WA,S
9447029,"Duwamish Waterway, Eighth Ave. South",47.535,-122.322,WA,S
9447110,"Lockheed Shipyard, Harbor Island",47.585,-122.362,WA,S
9447130,"SEATTLE (Madison St.), Elliott Bay",47.60263888888889,-122.3393055555556,WA,R
9447265,"Meadow Point, Shilshole Bay",47.6883,-122.403,WA,S
9447427,Edmonds,47.8133,-122.383,WA,S
9447659,Everett,47.98,-122.223,WA,R
9447717,Priest Point,48.03494444444444,-122.2271944444445,WA,R
9447773,Tulalip,48.065,-122.288,WA,R
9447814,"Glendale, Whidbey Island",47.94,-122.357,WA,S
9447854,"Bush Point, Whidbey Island",48.0333,-122.607,WA,S
9447855,"Holly Farms Harbor, Holmes Harbor, Whidbey I.",48.0267,-122.535,WA,S
9447856,"Sandy Point, Whidbey Island",48.035,-122.377,WA,S
9447883,"Greenbank, Whidbey Island",48.105,-122.57,WA,R
9447905,Admiralty Head,48.1583,-122.668,WA,S
9447929,"Coupeville, Penn Cove, Whidbey Island",48.2233,-122.69,WA,S
9447934,"Point Partridge, Whidbey Island",48.2317,-122.765,WA,S
9447951,"Sunset Beach, Whidbey Island",48.2833,-122.728,WA,S
9447952,"Crescent Harbor, N. Whidbey Island",48.2867,-122.617,WA,S
9447973,NAS Whidbey Island,48.34280014038086,-122.68579864501953,WA,R
9447985,Smith Island,48.3167,-122.837,WA,S
9447993,"Ala Spit, Whidbey Island",48.3967,-122.587,WA,S
9447995,"Cornet Bay, Whidbey Island, Deception Pass",48.40169906616211,-122.62300109863281,WA,S
9448009,Spee-Bi-Dah,48.08825,-122.3223333333333,WA,R
9448043,"Tulare Beach, Port Susan",48.10680555555555,-122.3472777777778,WA,R
9448094,Kayak Point,48.1367,-122.367,WA,S
9448558,"La Conner, Swinomish Channel",48.3917,-122.497,WA,S
9448576,Sneeoosh Point,48.4,-122.548,WA,R
9448601,"Yokeko Point, Deception Pass",48.4133,-122.615,WA,S
9448614,"Deception Pass St. Park, Bowman Bay, Fidalgo I.",48.415000915527344,-122.6520004272461,WA,R
9448657,"Turner Bay, Similk Bay",48.445,-122.555,WA,R
9448682,"Swinomish Channel ent., Padilla Bay",48.45830154418945,-122.51300048828125,WA,R
9448683,Burrows Bay (Allan Island),48.46,-122.695,WA,S
9448772,"Ship Harbor, Fidalgo Island",48.5067,-122.677,WA,S
9448794,"Anacortes, Guemes Channel",48.5183,-122.62,WA,S
9448876,"Strawberry Bay, Cypress Island",48.565,-122.722,WA,S
9448918,"Tide Point, Cypress Island",48.5867,-122.748,WA,S
9449161,"Village Point, Lummi Island",48.7167,-122.708,WA,R
9449184,Gooseberry Point,48.73,-122.67,WA,S
9449211,Bellingham,48.745,-122.495,WA,S
9449292,"Sandy Point, Lummi Bay",48.79,-122.708,WA,S
9449424,CHERRY POINT,48.86271666666666,-122.7585833333333,WA,R
9449639,"POINT ROBERTS, PUGET SOUND",48.974998474121094,-123.08300018310547,WA,R
9449679,"Blaine, Semiahmoo Bay",48.9917,-122.765,WA,R
9449704,Patos Island Wharf,48.7867,-122.97,WA,S
9449712,"Echo Bay, Sucia Islands",48.7567,-122.897,WA,S
9449746,"WALDRON ISLAND, PUGET SOUND",48.686798095703125,-123.03759765625,WA,R
9449771,"Rosario, East Sound, Orcas Island",48.64670181274414,-122.87000274658203,WA,R
9449798,"Orcas, Orcas Island",48.6,-122.95,WA,S
9449828,"Hanbury Point, Mosquito Pass, San Juan I.",48.5817,-123.17,WA,R
9449834,"Roche Harbor, San Juan Island",48.61,-123.155,WA,S
9449856,"Kanaka Bay, San Juan Island",48.48500061035156,-123.08300018310547,WA,R
9449880,"Friday Harbor, San Juan Island",48.54527777777778,-123.0125,WA,R
9449904,"Shaw Island, Ferry Terminal, Harney Channel",48.585,-122.928,WA,S
9449911,"Upright Head, Lopez Island",48.57170104980469,-122.88500213623047,WA,R
9449932,"Armitage Island, Thatcher Pass",48.535,-122.797,WA,R
9449982,"Richardson, Lopez Island",48.4467,-122.9,WA,R
9449988,"TELEGRAPH BAY, PUGET SOUND",48.44329833984375,-122.80500030517578,WA,R
9449994,"Aleck Bay, Lopez Island",48.425,-122.853,WA,S
9450041,Minnie Bay,54.7267,-132.302,AK,S
9450055,Security Cove,54.7483,-132.855,AK,S
9450104,"Nakat Harbor, Alaska",54.82,-130.7,AK,S
9450125,"American Bay, Kaigani Strait",54.85,-132.83,AK,S
9450139,Hunter Bay,54.8717,-132.322,AK,S
9450142,"Kelp Island Passage, Duke Island",54.8767,-131.3,AK,S
9450158,Elbow Bay,54.9,-132.653,AK,S
9450172,"Morse Cove, Duke Island",54.92,-131.255,AK,S
9450176,Kassa Inlet entrance,54.9267,-132.522,AK,S
9450192,"Hidden Inter Entrance, Pearse Inlet",54.94369888305664,-130.33580017089844,AK,R
9450212,"Ingraham Bay, Prince of Wales Island",54.98,-132.007,AK,S
9450226,Mabel Island,55.0,-132.592,AK,S
9450244,"Menefee Anch., Prince of Wales Island",55.0267,-132.013,AK,S
9450254,Kah Shakes Cove,55.0417,-130.98,AK,S
9450258,"Keete Island, Nutkwa Inlets",55.0467,-132.577,AK,S
9450271,"Niblack Anchorage, Moira Sound",55.0667,-132.12,AK,S
9450272,Sakie Bay,55.0667,-133.2,AK,S
9450273,"Tamgas Harbor, Annette Island",55.0667,-131.542,AK,S
9450281,Keete Inlet,55.08,-132.49,AK,S
9450282,Mud Bay,55.0817,-132.632,AK,S
9450283,View Cove,55.0833,-133.017,AK,S
9450296,"Custom House Cove, Mary Island",55.1,-131.217,AK,R
9450305,Boca de Quadra,55.1167,-130.798,AK,S
9450312,Sea Otter Harbor,55.1267,-133.167,AK,S
9450314,"Metlakatla, Port Chester",55.1283,-131.567,AK,R
9450339,"Nehenta Bay, Gravina Island",55.1667,-131.797,AK,S
9450341,"South Pass, Sukkwan Strait",55.1667,-132.87,AK,S
9450351,Saltery Point,55.1817,-132.795,AK,S
9450364,"HYDABURG, SUKKWAN STRAIT",55.201698303222656,-132.822998046875,AK,R
9450366,"North Pass, West End",55.205,-132.94,AK,S
9450369,Copper Harbor,55.21,-132.625,AK,S
9450373,"Lancaster Cove, Cholmondeley Sound",55.2133,-132.095,AK,S
9450382,"Alva Bay, Revillagigedo Island",55.2283,-131.133,AK,S
9450387,Natalia Point,55.2333,-133.043,AK,S
9450399,"Divide Head, Cholmondeley Sound",55.2517,-132.3,AK,S
9450406,"Block Island, Tlevak Narrows",55.263301849365234,-133.11500549316406,AK,S
9450413,Soda Bay,55.275,-132.967,AK,S
9450421,Sulzer,55.285,-132.622,AK,S
9450460,Ketchikan,55.3319444,-131.6261111,AK,R
9450463,TROCADERO BAY,55.35166666666667,-132.9380555555556,AK,R
9450483,"Mop Point, Thorne Arm",55.3833,-131.235,AK,S
9450492,Ward Cove,55.3983,-131.727,AK,S
9450495,"Saltery Cove, Skowl Arm",55.40169906616211,-132.3280029296875,AK,R
9450511,Vallenar Point,55.4267,-131.847,AK,S
9450533,"Coon Island, George Inlet",55.4617,-131.505,AK,S
9450544,Hollis Anchorage,55.47999954223633,-132.64500427246094,AK,R
9450551,"Craig, Klawock Inlet",55.4883,-133.142,AK,R
9450578,"Steamboat Bay, Noyes Island",55.5333,-133.637,AK,S
9450581,Kasaan,55.53499984741211,-132.39700317382812,AK,R
9450584,"Cruz Pass, San Fernando Island",55.5417,-133.315,AK,S
9450618,Shinaku Inlet,55.592899322509766,-133.15199279785156,AK,R
9450623,Big Salt Lake,55.6,-132.95,AK,R
9450624,"Loring, Naha Bay",55.6017,-131.632,AK,S
9450625,Lindeman Cove,55.6017,-132.512,AK,R
9450651,Rudyerd Bay,55.6417,-130.645,AK,S
9450679,Anguilla Island,55.6833,-133.587,AK,S
9450695,"Hut Point, Behm Canal",55.71269989013672,-130.9040985107422,AK,R
9450711,"Nossuk Bay, Tonowek Bay",55.72166666666666,-133.35,AK,R
9450729,"Davis River entrance, Alaska",55.76,-130.177,AK,S
9450753,"Magnetic Point, Union Bay, Earnest Sound",55.78828333333333,-132.1908833333334,AK,R
9450768,"Port Alice, Heceta Island",55.8117,-133.605,AK,S
9450815,"Ratz Harbor, Prince of Wales Island",55.88,-132.595,AK,S
9450817,"Tuxekan, 0.5 mile south of",55.8833,-133.243,AK,S
9450829,Coronation Island,55.9033,-134.118,AK,S
9450831,"Hyder, Portland Canal",55.90449905395508,-130.01080322265625,AK,R
9450836,"Yes Cannery, Yes Bay",55.9133,-131.797,AK,S
9450851,El Capitan Island,55.9367,-133.325,AK,S
9450859,Edna Bay,55.95,-133.662,AK,S
9450862,"Pole Anchorage, Kosciusko Island",55.955,-133.81,AK,S
9450879,Fitzgibbon Cove,55.9833,-131.175,AK,S
9450904,Lake Bay,56.0233,-132.92,AK,S
9450906,"Beck Island, Clarence Strait",56.0467,-132.862,AK,S
9450913,"Affleck Canal entrance, Kuiu Island",56.0369,-134.115,AK,S
9450914,"Burrough Bay, Behm Canal",56.0383,-131.095,AK,R
9450937,"El Capitan Passage, S. of Devilfish Bay",56.0733,-133.313,AK,S
9450938,"Thorne Island, Whale Passage",56.0583,-132.968,AK,S
9450943,Point St. Albans,56.0817,-133.97,AK,S
9450970,"Thoms Point, Zimovia Strait",56.1183,-132.078,AK,R
9450973,Blashke Island,56.1267,-132.895,AK,S
9450982,Shakan Bay Entrance,56.14,-133.61,AK,S
9450987,"Shakan Strait, Kosciusko Island",56.1483,-133.46,AK,S
9450988,"Kell Bay, Affleck Canal, Kuiu Island",56.15,-134.133,AK,S
9450997,"El Capitan Passage, W. of Aneskett Pt.",56.1633,-133.33,AK,R
9450998,"El Capitan Passage, Dry Pass",56.1633,-133.413,AK,R
9451001,"Table Bay, Kuiu Island",56.1667,-134.245,AK,S
9451005,Point Harrington,56.1783,-132.697,AK,R
9451012,"Bradfield Canal, Ernest Sound",56.18330001831055,-131.57200622558594,AK,R
9451037,"Village Rock, Zimovia Strait",56.22,-132.297,AK,R
9451054,"Port Alexander, Baranof Island",56.2467,-134.647,AK,R
9451074,"Bushy Island, Snow Passage",56.2767,-132.985,AK,R
9451082,"Port Beauclerc, Kuiu Island",56.2883,-133.962,AK,S
9451093,"Port Malmesbury, Kuiu Island",56.305,-134.238,AK,S
9451095,"Port Protection, Prince of Wales Island.",56.3083,-133.6,AK,S
9451124,"Reef Point, Stikine Strait",56.3533,-132.553,AK,R
9451148,Reid Bay,56.3883,-133.883,AK,S
9451151,"Port Walter, Baranof Island",56.3917,-134.66,AK,S
9451152,Madan Bay,56.3922,-132.169,AK,R
9451163,Sumner Island,56.41,-133.793,AK,S
9451204,"Wrangell, Wrangell Island",56.47,-132.387,AK,R
9451238,Greys Island,56.5217,-132.542,AK,S
9451247,Monte Carlo Island,56.535,-133.767,AK,R
9451263,"Point Lockwood, Woewodski Island",56.5583,-132.963,AK,R
9451281,Blaquiere Point,56.584693908691406,-132.5421905517578,AK,R
9451287,Beecher Pass,56.595,-132.987,AK,R
9451301,Dry Strait,56.615,-132.575,AK,S
9451317,Anchor Point,56.6383,-132.927,AK,R
9451321,"Castle Islands, Duncan Canal",56.643306732177734,-133.15199279785156,AK,R
9451335,Cosmos Point,56.6633,-132.617,AK,S
9451346,Papke's Landing,56.6767,-132.933,AK,R
9451349,The Summit,56.68242222222222,-133.7369083333333,AK,R
9451376,"Dorothy Cove, Necker Bay",56.72169876098633,-135.0749969482422,AK,R
9451421,"Golf Island, Necker Island",56.7867,-135.393,AK,R
9451422,Leconte Bay,56.7883,-132.502,AK,R
9451434,Turn Point,56.8,-132.98,AK,R
9451438,Entrance Island,56.8117,-133.787,AK,R
9451439,Petersburg,56.815,-132.957,AK,S
9451467,Red Bluff Bay,56.8567,-134.723,AK,R
9451468,"Symonds Bay, Biorka Island",56.8567,-135.52,AK,S
9451497,"Saginaw Bay, Kuiu Island",56.90333333333334,-134.3030555555556,AK,R
9451528,"Kake Harbor, Keku Strait",56.94830555555556,-133.8947222222222,AK,R
9451561,Thomas Bay,56.9966926574707,-132.78500366210938,AK,R
9451600,Sitka,57.051055908203125,-135.3441162109375,AK,R
9451625,"Baranof, Warm Spring Bay",57.08833333333333,-134.825,AK,R
9451634,Herring Bay,57.1133,-134.38,AK,S
9451706,"Eliza Harbor, Admiralty Island",57.1883,-134.287,AK,S
9451717,Kasnyku Bay,57.2167,-134.868,AK,S
9451718,"Cleveland Passage, Whitney Island",57.2183,-133.512,AK,S
9451725,"Olga Point, Olga Strait",57.2283,-135.537,AK,S
9451741,"Whitestone Narrows, Neva Strait",57.25,-135.567,AK,R
9451781,"Cannery Cove, Pybus Bay",57.3067,-134.133,AK,S
9451785,The Brothers,57.295,-133.797,AK,R
9451798,Port Houghton (Inside),57.32500076293945,-133.18299865722656,AK,R
9451802,Scraggy Point,57.3367,-135.723,AK,S
9451805,Scraggy Island,57.34,-135.707,AK,R
9451826,"Haley Anchorage, Fish Bay",57.3717,-135.618,AK,S
9451851,Hobart Bay,57.4067,-133.42,AK,S
9451853,Serguis Narrows,57.41,-135.627,AK,R
9451858,Klokachef Island,57.4167,-135.89,AK,S
9451859,Bear Bay,57.4183,-135.583,AK,S
9451895,Killisnoo,57.47,-134.565,AK,S
9451906,Gambier Bay (cannery wharf),57.4833,-133.96,AK,S
9451909,"Good Island, Gambier Bay",57.4867,-133.898,AK,S
9451936,"Povorotni Island, Pogibshi Point",57.515,-135.555,AK,R
9451953,"Target Island, Mitchell Bay",57.5333,-134.417,AK,R
9451962,Windham Bay,57.5433,-133.498,AK,S
9451979,Nismeni Cove,57.5617,-135.412,AK,S
9452005,"Upper Endicott Arm, North Shore",57.52170181274414,-133.05499267578125,AK,R
9452017,"Ford's Terror, Stephens Pass",57.687599182128906,-133.1425018310547,AK,R
9452022,"Sawyer Island, Tracy Arm",57.8783,-133.19,AK,S
9452064,"Holkham Bay, Wood Spit",57.7183,-133.578,AK,S
9452067,"Holkham Bay, Tracy Arm Entrance",57.7599983215332,-133.60299682617188,AK,R
9452081,"Port Snettisham, Speel River Arm",58.116695404052734,-133.69000244140625,AK,R
9452082,"Port Snettisham, Crib Point",58.0967,-133.742,AK,S
9452089,"Sharp Point, Speel Arm",58.022335052490234,-133.80728149414062,AK,R
9452123,Taku Harbor,58.0683,-134.012,AK,S
9452124,"Taku Point, Taku Inlet",58.408668518066406,-134.00613403320312,AK,S
9452128,"Rasp Ledge, Seymour Canal",57.6783,-134.038,AK,S
9452133,"Greely Point, Taku Inlet",58.2233,-134.06,AK,S
9452210,Juneau,58.2988,-134.4106,AK,R
9452249,Young Bay,58.18330001831055,-134.58700561523438,AK,R
9452263,Auke Bay,58.3817,-134.645,AK,S
9452294,Hawk Inlet Entrance,58.085,-134.777,AK,R
9452318,"Barlow Cove, Mansfield Peninsula",58.32170104980469,-134.8780059814453,AK,R
9452321,"Funter, Funter Bay",58.255,-134.895,AK,S
9452328,"False Bay, Chatham Strait",57.9667,-134.935,AK,R
9452336,Lincoln Island,58.4983,-134.965,AK,S
9452346,"Cove Point, Berner's Bay",58.75170135498047,-135.0279998779297,AK,R
9452368,Swanson Harbor,58.215,-135.127,AK,S
9452386,"Tenakee Springs, Tenakee Inlet",57.77930555555555,-135.2194722222222,AK,R
9452391,William Henry Bay,58.7133,-135.232,AK,S
9452400,"Skagway, Taiya Inlet",59.4508,-135.328,AK,R
9452421,Chilkat Inlet,59.17,-135.4,AK,R
9452434,"Taiyasanka Harbor, Taiya Inlet",59.301700592041016,-135.42799377441406,AK,R
9452435,Haines Inlet,59.23,-135.433,AK,S
9452437,Excursion Inlet Entrance,58.41669845581055,-135.44700622558594,AK,R
9452438,"Hoonah, Port Fredrick",58.10755555555556,-135.4441944444444,AK,R
9452447,"Excursion Inlet, North End",58.4967,-135.488,AK,S
9452516,Point Adolphus,58.2867,-135.803,AK,S
9452534,"Bartlett Cove, Glacier Bay",58.456695556640625,-135.88299560546875,AK,R
9452567,"Mud Bay, Goose Island",58.2117,-136.035,AK,S
9452579,"Elbow Passage, Klag Bay",57.6133,-136.087,AK,S
9452583,"Kimshan Cove, Ogden Passage",57.6867,-136.107,AK,S
9452584,Muir Inlet,58.9133,-136.108,AK,S
9452586,Willoughby Island,58.6083,-136.117,AK,S
9452611,"Pelican Harbor, Lisianski Inlet, AK",57.95777777777778,-136.2267777777778,AK,R
9452629,"Inian Cove, North Inian Pass",58.2633,-136.325,AK,S
9452632,"Wachusett Inlet, Glacier Bay",58.9467,-136.333,AK,S
9452633,Miner Island,58.01,-136.342,AK,S
9452634,"Elfin Cove, Port Althorp",58.19472222222223,-136.3469444444444,AK,R
9452649,"Canoe Cove, North Pass",57.8467,-136.422,AK,S
9452671,Takanis Bay,57.9283,-136.52,AK,S
9452672,Surge Bay,58.0183,-136.528,AK,S
9452682,Composite Island,58.8883,-136.573,AK,S
9452704,Graves Harbor,58.2767,-136.678,AK,S
9452747,Dixon Harbor,58.3833,-136.867,AK,S
9452749,"Tarr Inlet, Glacier Bay",58.96477777777778,-136.8775833333333,AK,R
9452928,"Lituya Bay, 2 miles inside entrance",58.6167,-137.65,AK,S
9453178,Russell Fiord,59.9369010925293,-139.4001007080078,AK,R
9453208,"Redfield Cove, Yakutat Bay",59.6117,-139.58,AK,S
9453210,"Point Latouche, Yakutat Bay",59.9033,-139.627,AK,S
9453215,"Johnstone Passage, Yakutat Bay",59.5817,-139.702,AK,S
9453220,"Yakutat, Yakutat Bay",59.548500061035156,-139.7333984375,AK,R
9453431,"Tyndall Glacier, Icy Bay",60.07830047607422,-141.27499389648438,AK,R
9453443,"Moraine Bay, Icy Bay",59.93000030517578,-141.36300659179688,AK,R
9453456,Icy Bay,59.885,-141.457,AK,S
9454050,CORDOVA,60.55830001831055,-145.7530059814453,AK,R
9454124,Sheep Bay,60.67189025878906,-145.99217224121094,AK,R
9454125,Shag Rock,60.465,-145.988,AK,S
9454153,Gravina River,60.766700744628906,-146.0845947265625,AK,R
9454157,"Comfort Cove, Port Gravina",60.71,-146.085,AK,S
9454224,Middleton Island (north end),59.4617,-146.31,AK,S
9454240,"VALDEZ, Port Valdez",61.125,-146.36199951171875,AK,R
9454296,"Landlocked Bay, Port Fidalgo",60.8533,-146.535,AK,S
9454309,Jack Bay,61.04,-146.615,AK,S
9454319,Johnstone Point,60.4817,-146.61,AK,S
9454329,Cape Hinchinbrook,60.23830032348633,-146.6479949951172,AK,R
9454363,Rocky Point,60.94670104980469,-146.7550048828125,AK,S
9454374,Busby Island,60.8983,-146.782,AK,S
9454460,Columbia Glacier,61.02330017089844,-147.0850067138672,AK,R
9454507,"Jackson Cove, Glacier Island",60.88,-147.223,AK,S
9454511,Port Chalmers,60.241798400878906,-147.24899291992188,AK,R
9454561,Perch Point,60.1267,-147.395,AK,R
9454562,Wooded Islands,59.875,-147.403,AK,R
9454563,"Naked Island, McPherson Passage",60.6833,-147.388,AK,S
9454564,Seal Island,60.425,-147.41,AK,R
9454573,"Gibbon Anchorage, Green Island",60.27,-147.438,AK,S
9454574,Patton Bay,59.9067,-147.45,AK,S
9454616,"5 miles NE of Point Brazil, Montague Island",60.025,-147.592,AK,R
9454642,Louis Bay,60.461700439453125,-147.6719970703125,AK,R
9454652,"Bay of Isles, South Arm",60.3667,-147.7,AK,R
9454662,"Snug Harbor, Knight Island",60.25,-147.717,AK,R
9454671,Point Helen,60.15330123901367,-147.76699829101562,AK,R
9454672,College Fiord,61.2057991027832,-147.7613983154297,AK,R
9454673,Port Audrey,60.343299865722656,-147.76800537109375,AK,R
9454674,Macleod Harbor,59.88999938964844,-147.7949981689453,AK,S
9454691,Herring Point,60.475,-147.792,AK,R
9454713,"Latouche, Latouche Island",60.05329895019531,-147.90699768066406,AK,R
9454721,Perry Island (South Bay),60.6717,-147.932,AK,R
9454735,"Eshamy Bay, Knight Island Passage",60.4483,-147.978,AK,S
9454751,Guguak,60.1,-148.038,AK,R
9454755,"Bainbridge Point, Bainbridge Island",60.19670104980469,-148.04200744628906,AK,R
9454757,Eshamy Lagoon,60.4617,-148.045,AK,S
9454764,"Sawmill Bay, Evans Island",60.0517,-148.065,AK,S
9454777,"Chenega Island, southwest end",60.28329849243164,-148.11300659179688,AK,R
9454787,"Chenega Island, Dangerous Passage",60.33,-148.143,AK,S
9454794,Applegate Island,60.62329864501953,-148.1649932861328,AK,R
9454798,"Culross Bay, Wells Passage",60.7417,-148.172,AK,S
9454805,"Hogg Bay, Port Bainbridge",60.0767,-148.195,AK,S
9454814,"Point Elrington, Elrington Island",59.9383,-148.227,AK,R
9454818,"Blue Fjord, Port Nellie Juan",60.49169921875,-148.24200439453125,AK,R
9454825,"Long Bay Entrance, Culross Passage",60.6917,-148.263,AK,S
9454851,Cochrane Bay,60.663299560546875,-148.35699462890625,AK,R
9454887,"Kings Bay, Port Nellie Juan",60.5417,-148.46,AK,S
9454907,Blackstone Bay,60.76499938964844,-148.5229949951172,AK,R
9454949,"Whittier, Passage Canal",60.7783,-148.665,AK,R
9454951,Kings Bay (inside),60.45669937133789,-148.6649932861328,AK,R
9455036,Day Harbor,60.01,-149.062,AK,S
9455090,"Seward, Resurrection Bay",60.1193,-149.4281083333333,AK,R
9455120,"Agnes Cove, Aialik Peninsula",59.7733,-149.588,AK,R
9455128,"Bear Cove, Aialik Peninsula",59.801700592041016,-149.61500549316406,AK,R
9455145,"Aialik Bay, North end",59.9533,-149.715,AK,R
9455146,"Aialik Sill, Aialik Bay",59.885,-149.718,AK,R
9455151,"Camp Cove, Aialik Bay",59.6933,-149.748,AK,R
9455159,"Crater Bay, Harris Bay",59.7133,-149.787,AK,R
9455204,"Upper Northwestern Fiord, Harris Bay",59.79,-150.032,AK,R
9455217,"Two Arm Bay, Harris Bay",59.6617,-150.108,AK,S
9455249,Chance Cove (Lagoon),59.4883,-150.312,AK,S
9455258,"McCarty Fiord, Moonlight Bay",59.511600494384766,-150.35519409179688,AK,R
9455304,"Beauty Bay, Nuka Bay",59.5267,-150.628,AK,S
9455308,Nuka Passage,59.4083,-150.667,AK,S
9455347,"Takoma Cove, Port Dick",59.2617,-150.982,AK,S
9455399,"Picnic Harbor, Rocky Bay",59.255,-151.42,AK,S
9455428,Port Chatham,59.2133,-151.728,AK,S
9455437,Port Graham,59.35,-151.8266666666667,AK,S
9455478,"Ushagat Island, Barren Islands",58.9467,-152.268,AK,S
9455500,"SELDOVIA, Kachemak Bay",59.44049835205078,-151.7198944091797,AK,R
9455506,"Tutka Bay,Kachemak Bay",59.4317,-151.357,AK,S
9455514,"Sadie Cove, Kachemak Bay",59.49,-151.365,AK,S
9455517,"Kasitsna Bay, Kachemak Bay",59.46830555555555,-151.565,AK,R
9455556,"Halibut Cove, Kachemak Bay",59.5967,-151.22,AK,S
9455558,"Homer, Coal Point, Kachemak Bay",59.60139846801758,-151.4105987548828,AK,R
9455595,"Bear Cove, Kachemak Bay",59.725,-151.023,AK,R
9455606,Anchor Point,59.77197222222223,-151.8670277777778,AK,R
9455653,Ninilchik,60.055,-151.682,AK,R
9455711,Cape Kasilof,60.3367,-151.38,AK,R
9455732,"Kalgin Island (north end),  Cook Inlet",60.51169967651367,-151.95199584960938,AK,R
9455735,"Chinulna Point, Cook Inlet",60.5033,-151.283,AK,R
9455741,Drift River Terminal,60.555,-152.133,AK,S
9455742,Kenai City Pier,60.545,-151.218,AK,S
9455760,NIKISKI,60.68330001831055,-151.3979949951172,AK,R
9455866,Point Possession,61.0367,-150.413,AK,R
9455869,North Foreland,61.04330555555556,-151.163,AK,R
9455912,Fire Island,61.1733,-150.213,AK,R
9455920,"ANCHORAGE, Knik Arm",61.2375,-149.8903888888889,AK,R
9455934,Port MacKenzie,61.2682991027832,-149.91700744628906,AK,R
9455963,"Goose Creek, Knik Arm, Cook Inlet",61.3933,-149.847,AK,R
9456173,"Snug Harbor, Chisik Island",60.10749816894531,-152.58169555664062,AK,R
9456204,Tuxedni Channel,60.1533,-152.635,AK,S
9456463,"Oil Bay, Kamishak Bay",59.64,-153.262,AK,S
9456525,Southwest Iniskin Bay,59.65169906616211,-153.4680938720703,AK,R
9456717,"Nukshak Island, Shelikof Strait",58.3917,-153.958,AK,R
9456822,"Nordyke Island, Kamishak Bay",59.1783,-154.087,AK,S
9456835,"Kukak, Kukak Bay",58.3417,-154.117,AK,S
9456901,"Aguchik Island, Kukak Bay",58.29,-154.27,AK,R
9456992,"Takli Island, Shelikof Strait",58.0633,-154.477,AK,S
9457152,Tonki Bay,58.31669998168945,-152.06700134277344,AK,S
9457201,Seal Bay,58.3717,-152.238,AK,S
9457259,"Andreon Bay, Shuyak Island",58.5183,-152.415,AK,S
9457261,"Kodiak, Port of Kodiak",57.7833,-152.428,AK,S
9457262,Spruce Island (north side),57.9383,-152.417,AK,S
9457271,Perenosa Bay,58.3567,-152.448,AK,S
9457283,"Kodiak, St. Paul Harbor",57.745,-152.483,AK,S
9457287,"Ouzinkie, Spruce Island",57.9217,-152.498,AK,R
9457292,"KODIAK, Womens Bay",57.7317,-152.512,AK,R
9457293,"Carry Inlet, Shuyak Island",58.5867,-152.513,AK,S
9457313,"Port William, Shuyak Island",58.4902229309082,-152.58377075195312,AK,R
9457316,"Redfox Bay, Shuyak Strait",58.4533,-152.595,AK,S
9457321,"Big Bay, Shuyak Island",58.555,-152.613,AK,S
9457351,Ugak Bay (Saltery Cove),57.4817,-152.718,AK,S
9457361,"Fox Bay, Whale Island",57.9783,-152.755,AK,S
9457376,Uzkosti Point,57.9283,-152.812,AK,R
9457391,"Port Lions, AK",57.87347222222222,-152.8671111111111,AK,R
9457401,Kizhuyak Bay,57.82,-152.9,AK,S
9457407,Nachalni Island,57.9783,-152.925,AK,R
9457479,"Port Hobron, Sitkalidak Island",57.1633,-153.152,AK,S
9457481,"Dolphin Point, Raspberry Strait",58.11,-153.155,AK,S
9457493,Terror Bay,57.74402777777778,-153.1954722222222,AK,R
9457527,Old Harbor,57.20277777777778,-153.3038888888889,AK,R
9457535,West Raspberry Island,58.10716666666666,-153.3401111111111,AK,R
9457634,Japanese Bay,56.96,-153.687,AK,R
9457648,Zachar Bay,57.5483,-153.735,AK,S
9457671,Mining Camp,57.46,-153.817,AK,S
9457724,Larsen Bay,57.5333,-153.99,AK,R
9457773,Moser Bay (Trap Point),57.0017,-154.148,AK,S
9457798,Olga Bay (A. P. A. Cannery),57.1617,-154.228,AK,S
9457804,"Alitak, Lazy Bay",56.89738888888889,-154.248,AK,R
9458209,Puale Bay,57.7067,-155.393,AK,R
9458293,Chirikof Island,55.8083,-155.74,AK,R
9458365,"Kanatak Lagoon, Portage Bay",57.52000045776367,-156.052001953125,AK,S
9458519,"Chowiet Island, Semidi Island",56.0517,-156.698,AK,R
9458716,Aniakchak Bay,56.756099700927734,-157.4929962158203,AK,R
9458762,Unavikshak Island,56.4917,-157.74,AK,S
9458779,Nakchamik Island,56.35169982910156,-157.81199645996094,AK,R
9458819,Kujulik Bay (North Shore),56.61330032348633,-157.98300170898438,AK,R
9458849,Chankliut Island,56.14670181274414,-158.10699462890625,AK,R
9458907,"Castle Bay, Northwest Arm",56.2317,-158.347,AK,R
9458917,"Chignik, Anchorage Bay",56.29669952392578,-158.39999389648438,AK,R
9458964,"Hump Island, Kuiukta Bay",56.1133,-158.598,AK,R
9459016,Mitrofania Island,55.89,-158.82,AK,R
9459085,Chiachi Island (east side),55.8433,-159.105,AK,S
9459145,"Kupreanof Harbor, Paul Island",55.79,-159.35,AK,S
9459163,"Herendeen Island, Shumagin Islands",55.06555555555556,-159.4186666666667,AK,R
9459181,Ivanof Bay,55.90011215209961,-159.4912567138672,AK,R
9459251,Bird Island,54.83522222222222,-159.7595555555556,AK,R
9459281,"Dent Point, Stepovak Bay",55.7833,-159.88,AK,S
9459311,"Sanborn Harbor, Nagai Island",55.155,-159.995,AK,S
9459398,"Pirate Cove, Popof Island",55.3617,-160.36,AK,S
9459450,"SAND POINT, POPOF ISLAND",55.33172222222223,-160.5043333333333,AK,R
9459464,"Albatross Anchorage, Balboa Bay",55.59,-160.613,AK,S
9459465,"Zachary Bay, Unga Island",55.334999084472656,-160.61700439453125,AK,R
9459522,Beaver Bay,55.4733,-160.84,AK,S
9459643,"Seal Cape, Coal Bay",55.365,-161.325,AK,S
9459696,Ukolnoi Island,55.2583,-161.537,AK,S
9459758,"Dolgoi Harbor, Dolgoi Island",55.121700286865234,-161.79200744628906,AK,R
9459881,King Cove,55.05988888888889,-162.3261111111111,AK,R
9459895,"Lenard Harbor, Cold Bay",55.1183,-162.378,AK,S
9459939,Peterson Bay,54.3933,-162.637,AK,S
9459949,Cold Bay,55.2083,-162.698,AK,R
9459968,Sanak Harbor,54.4817,-162.812,AK,S
9460150,MASSACRE BAY,52.84000015258789,173.19500732421875,AK,R
9461081,Ogliuga Island (east coast),51.6033,-178.617,AK,S
9461132,Lash Bay,51.6717,-178.045,AK,S
9461138,Tanaga Bay,51.7183,-177.997,AK,S
9461162,Hot Springs Bay,51.7783,-177.8,AK,S
9461183,Cape Chunu,51.665,-177.637,AK,S
9461264,Kanaga Bay,51.7183,-177.2,AK,S
9461276,Cape Chlanak,51.71,-177.145,AK,S
9461292,Shoal Point,51.87,-177.068,AK,S
9461337,Bay of Waterfalls,51.6417,-176.825,AK,S
9461341,Unalga Bight,51.78,-176.807,AK,S
9461380,"Sweeper Cove, Kuluk Bay, Adak Island",51.86063888888889,-176.6375833333333,AK,R
9461391,Boot Bay,51.7133,-176.53,AK,S
9461406,Adak Bight,51.77,-176.435,AK,S
9461411,"Laska Cove, Kagalaska Island",51.825,-176.402,AK,S
9461453,"Sand Bay, Great Sitkin Island",51.9733,-176.085,AK,S
9461467,"Bugle Point, Great Sitkin Island",52.0383,-175.98,AK,S
9461519,Fenimore Pass,51.96,-175.588,AK,S
9461555,"Atka Pass, east end",52.0067,-175.32,AK,S
9461582,Bechevin Bay,52.0367,-175.115,AK,S
9461656,Explorer Bay,52.0733,-174.568,AK,S
9461667,Sagchudak Island,52.0267,-174.48,AK,S
9461693,"Martin Harbor, Korovin Bay",52.2267,-174.292,AK,S
9461704,Cape Utalug (4 miles west of),52.1183,-174.207,AK,S
9461710,"Atka, Nazan Bay",52.23194444444444,-174.1725,AK,R
9461945,"Finch Cove, Seguam Island",52.3917,-172.405,AK,S
9462144,North side,52.6817,-170.707,AK,S
9462161,East Cove,52.6533,-170.563,AK,S
9462239,"Applegate Cove, Chuginadak Island",52.8617,-169.862,AK,S
9462317,Adugak Island,52.9117,-169.165,AK,S
9462331,Cape Sagak,52.8417,-169.043,AK,S
9462354,Okee Bay,53.0167,-168.835,AK,S
9462367,Driftwood Bay,52.9583,-168.72,AK,S
9462398,Kigul Island,53.045,-168.442,AK,S
9462408,Inanudak Bay,53.2967,-168.352,AK,S
9462444,Bogoslof Island,53.93,-168.033,AK,S
9462450,Nikolski,52.94061,-168.8713055557675,AK,R
9462465,Otter Point,53.3967,-167.843,AK,S
9462501,Chernofski Harbor,53.395,-167.533,AK,S
9462554,Skan Bay,53.61,-167.045,AK,S
9462557,Kuliliak Bay,53.4617,-167.02,AK,S
9462573,Raven Bay,53.475,-166.873,AK,S
9462578,Anderson Bay,53.6783,-166.832,AK,S
9462582,Usof Bay,53.515,-166.79,AK,S
9462606,"Kisselen Bay, Beaver Inlet",53.7133,-166.572,AK,S
9462611,"Dutch Harbor, Amaknak Island",53.8917,-166.537,AK,S
9462620,Unalaska,53.87919444444444,-166.5403055555556,AK,R
9462637,Udagak Strait,53.7367,-166.295,AK,S
9462641,English Bay,53.925,-166.257,AK,S
9462645,"Udamat Bay, Sedanka Island",53.82891666666667,-166.21625,AK,R
9462662,"Reef Bight, Akutan Island",54.13072222222223,-166.0993333333333,AK,R
9462676,"Broad Bight, Akutan Island",54.06458333333333,-165.9370555555556,AK,R
9462691,"Akutan Harbor, Akutan Island",54.1283,-165.808,AK,S
9462694,"Akutan, Akutan Island",54.13327777777778,-165.7773055555556,AK,R
9462705,"Green Bight, Akutan Island",54.11027777777778,-165.6613888888889,AK,R
9462711,"Surf Bay, Akutan Bay",54.15083333333333,-165.615,AK,R
9462719,"Akun Cove, Akun Island",54.2333,-165.533,AK,R
9462721,"Trident Bay, Akun Island",54.14,-165.527,AK,R
9462723,Rootok Island,54.05222222222222,-165.5141666666667,AK,R
9462782,"Tigalda Bay, Tigalda Island",54.12,-164.977,AK,R
9462786,"SE Tigalda Island, Pacific Ocean",54.10180555555556,-164.9415833333333,AK,R
9462787,Cape Sarichef,54.6,-164.928,AK,R
9462808,Scotch Cap,54.39363888888889,-164.7457222222222,AK,R
9462838,Cape Mordvinof,54.9283,-164.467,AK,S
9462941,"Cape Chunak, AK",55.06427777777778,-163.5341666666667,AK,R
9462944,St. Catherine Cove,55.01,-163.507,AK,S
9462948,"Neumans Cove, Unimak Island",54.9667,-163.44,AK,R
9462955,"False Pass, Isanotski Strait",54.8583,-163.407,AK,R
9462961,"Isanotski Strait Entrance, Ikatan Bay",54.77844444444445,-163.3642777777778,AK,R
9462971,Dora Harbor,54.71,-163.267,AK,S
9462987,Amak Island,55.4133,-163.115,AK,S
9463058,"Grant Point, Izembek Lagoon",55.27,-162.9,AK,S
9463195,"Settlement Point, Pavlof Bay",55.5,-161.46666666667008,,S
9463502,Port Moller,55.9858333,-160.5736111,AK,R
9463885,"Zapadni Bay, St. George Island",56.56669998168945,-169.6667022705078,AK,R
9463888,"St. George, St. George Island",56.60327777777778,-169.5495555555555,AK,R
9464075,"Meshik, Port Heiden",56.90829849243164,-158.68490600585938,AK,R
9464212,"Village Cove, St. Paul Island",57.125301361083984,-170.2852020263672,AK,R
9464512,"Dago Creek Mouth, Ugashik Bay",57.61479949951172,-157.60069274902344,AK,R
9464874,"Egegik, Egegik River",58.21670150756836,-157.375,AK,R
9464881,"Egegik River Ent, Bristol Bay",58.2383,-157.5,AK,S
9464961,"Cape Constantine, Nushagak Penninsula",58.52170181274414,-159.15199279785156,AK,R
9465022,"Middle Bluff, Kvichak Bay",58.4533,-157.5,AK,S
9465056,Protection Point,58.5,-158.712,AK,R
9465137,"Cape Peirce, West Side",58.62670135498047,-161.83700561523438,AK,R
9465149,King Salmon Airport,58.671695709228516,-156.65699768066406,AK,S
9465174,Omakstalia Point,58.70669937133789,-156.7570037841797,AK,S
9465182,"Black Rock, Walrus Islands",58.70830154418945,-160.18800354003906,AK,S
9465203,"Naknek, Naknek River",58.73210144042969,-156.98330688476562,AK,R
9465261,Nushagak Bay (Clarks Point),58.8483,-158.552,AK,R
9465265,"Kulukak Point, Kulukak Bay",58.84000015258789,-159.64700317382812,AK,R
9465342,Kvichak,58.97,-156.947,AK,S
9465368,Goodnews Bay entrance,59.045,-161.808,AK,S
9465374,Snag Point,59.04,-158.447,AK,R
9465396,Platinum,59.0467,-161.818,AK,R
9465419,Levelock,59.11330032348633,-156.83200073242188,AK,R
9465438,"Goodnews Bay, ANVSA",59.11439895629883,-161.5843963623047,AK,R
9465601,"Carter Bay, Kuskokwim Bay",59.37801666666667,-162.0293333333333,AK,R
9465831,"Quinhagak (Kwinak), Kanektok River",59.75055277777778,-161.9154361111111,AK,R
9465951,"Kipnuk, Kugkaktlik River",59.943199157714844,-164.04339599609375,AK,R
9466057,"Popokamute (Kokokamute), Kuskokwim River",60.12327777777778,-162.5003611111111,AK,R
9466079,Apokak Creek entrance,60.1367,-162.158,AK,S
9466084,"Chefornak, Kinia River",60.159400939941406,-164.27259826660156,AK,R
9466153,"Helmick Point, southeast of",60.270301818847656,-162.4102020263672,AK,R
9466197,Tuntutuliak,60.34149932861328,-162.68600463867188,AK,R
9466203,St. Matthew Island,60.358299255371094,-172.71499633789062,AK,S
9466217,"Mekoryuk, Mekoryuk River Ent., Nunivak Island",60.4167,-166.167,AK,R
9466229,Offshore St Matthew Island (GNSS Buoy),60.39419937133789,-172.4862060546875,AK,R
9466298,"Nelson Island, Tooksook Bay",60.5167,-165.133,AK,R
9466328,Lomavik,60.554298400878906,-162.29710388183594,AK,R
9466477,Bethel,60.8,-161.75,AK,R
9466563,"Newtok, Ningliq River",60.93450164794922,-164.63870239257812,AK,R
9466931,Dall Point,61.5317,-166.148,AK,R
9467124,"Kun River, Scammon Bay",61.84170150756836,-165.56700134277344,AK,R
9467551,Nunam Iqua (Sheldon Point),62.53294444444445,-164.8452777777778,AK,R
9467645,"Alakanuk, Yukon River",62.687198638916016,-164.66690063476562,AK,R
9467701,"Emmonak, Kwiguk Pass, Yukon River",62.77750015258789,-164.54690551757812,AK,R
9467861,"Kotlik, Kotlik River",63.037899017333984,-163.52650451660156,AK,R
9468011,Pikmiktalik River entrance,63.28,-162.602,AK,S
9468039,Northeast Cape,63.3167,-168.967,AK,R
9468123,Fossil River entrance,63.4667,-170.017,AK,S
9468132,St. Michael,63.474998474121094,-162.02699279785156,AK,R
9468151,"Stebbins, Norton Sound",63.525001525878906,-162.29299926757812,AK,R
9468216,Niyrakpak Lagoon entrance,63.62,-171.383,AK,S
9468226,"North Bay, Stuart Island",63.6283,-162.517,AK,S
9468258,Savoonga,63.67908333333333,-170.5371111111111,AK,R
9468333,Unalakleet,63.875,-160.78799438476562,AK,R
9468691,Shaktoolik,64.38022222222222,-161.2351388888889,AK,R
9468756,NOME,64.49461111111111,-165.4396388888889,AK,R
9468793,"Golovin, Golovnin Lagoon Entrance",64.54630279541016,-163.0316925048828,AK,R
9468841,Upper Golovnin Lagoon,64.62079620361328,-163.1490020751953,AK,R
9468877,"White Mountain, Niukluk",64.68113708496094,-163.4119110107422,AK,R
9469031,"Koyuk, Koyuk Inlet",64.93119812011719,-161.1508026123047,AK,R
9469146,Umuruk Basin,65.11840057373047,-165.47210693359375,AK,R
9469237,"Point Spencer, Port Clarence",65.2567,-166.847,AK,R
9469239,"Teller, Port Clarance",65.2667,-166.353,AK,R
9469338,"Lost River, Seward Peninsula",65.39,-167.145,AK,R
9469439,Tin City,65.55833333333334,-167.975,AK,R
9469677,"Buckland, Buckland river",65.97550201416016,-161.125,AK,R
9469751,Deering,66.09716666666667,-162.7404722222222,AK,R
9469833,"GOODHOPE BAY, KOTZEBUE SOUND",66.23030090332031,-163.9040985107422,AK,R
9469854,Shishmaref Inlet,66.2633,-166.02,AK,R
9490096,"CAPE ESPENBERG, KOTZEBUE SOUND",66.58569444444444,-164.2508333333333,AK,R
9490424,Kotzebue,66.9017,-162.582,AK,R
9490571,Cape Krusenstern,67.05419444444445,-163.3212777777778,AK,R
9491094,Red Dog Dock,67.57580555555556,-164.0643888888889,AK,R
9491253,Kivalina,67.7267,-164.592,AK,R
9491873,Point Hope,68.3417,-166.808,AK,R
9494212,"Wainwright, Chukchi Sea",70.643798828125,-160.06509399414062,AK,R
9494935,Barrow Offshore,71.36011111111111,-156.7298611111111,AK,R
9495048,Point Barrow,71.36,-156.353,AK,S
9495832,"Drew Point, Smith Bay",70.86630249023438,-153.94000244140625,AK,R
9496345,Cape Halkett,70.75509643554688,-152.33779907226562,AK,R
9497645,PRUDHOE BAY,70.4113889,-148.5316667,AK,R
9498306,"Point Thomson, Beaufort Sea",70.16909790039062,-146.24940490722656,AK,R
9499176,Barter Island,70.12860107421875,-143.61099243164062,AK,R
9500101,Matamoros,25.88330078125,-97.5167007446289,,S
9500966,"Madero, Tampico Harbor, Mexico",22.261699676513672,-97.79499816894531,,R
9501251,Tuxpan,21.0,-97.33329772949219,,S
9501701,Veracruz,19.200000762939453,-96.13330078125,,S
9501801,Alvarado,18.766700744628906,-95.7667007446289,,S
9501951,Coatzcoalcos,18.146699905395508,-94.41169738769531,,S
9502401,Frontera,18.533300399780273,-92.6500015258789,,S
9503151,Progreso,21.299999237060547,-89.66670227050781,,S
9504651,Salina Cruz,16.15999984741211,-95.20330047607422,,R
9507601,Guaymas,27.92169952392578,-110.9083023071289,,R
9640507,La Union (Cutuco),13.33329963684082,-87.82170104980469,,R
9650593,Puerto Cortes,15.835000038146973,-87.87000274658203,,S
9654601,Isla de Guanaja,16.44499969482422,-85.91500091552734,,S
9665401,Puerto Cabezas,14.042200088500977,-83.38189697265625,,S
9684403,Puntarenas,9.973299980163574,-84.83170318603516,,R
9688541,Puerto Limon,9.993300437927246,-83.02670288085938,,S
9710441,"SETTLEMENT POINT, GRAND BAHAMAS ISLAND",26.71,-78.9967,,R
9751082,"Grapetree Bay, St, Croix",17.740699768066406,-64.60579681396484,PR,R
9751084,"Teague Bay, St. Croix",17.7549991607666,-64.60240173339844,PR,R
9751219,"Fareham Bay, St. Croix",17.709999084472656,-64.68280029296875,PR,R
9751274,"Johns Folly Bay, St. John Island",18.316999435424805,-64.70210266113281,PR,R
9751309,"Leinster Point, Leinster Bay, St. Johns Island",18.36761111111111,-64.72072222222222,VI,R
9751364,"Christiansted Harbor, St Croix",17.74769444444445,-64.69838888888889,VI,R
9751373,"Coral Harbor, St. Johns",18.34830093383789,-64.7166976928711,VI,R
9751381,"Lameshur Bay, St. Johns Island",18.31825,-64.72422222222222,VI,R
9751388,"Fish Bay, St. John",18.31920051574707,-64.76180267333984,PR,R
9751389,"Salt River Bay, St. Croix",17.775299072265625,-64.76229858398438,PR,R
9751401,"LIME TREE BAY, ST.CROIX ISLAND",17.694700241088867,-64.75379943847656,VI,R
9751417,"Hawksnest Beach, St. John",18.348899841308594,-64.77739715576172,PR,R
9751419,"Haulover Bay, St. Johns",18.349700927734375,-64.67960357666016,PR,R
9751467,"Lovango Cay, St. Johns Island",18.36066666666667,-64.80352777777777,VI,R
9751472,"Cruz Bay, St. John",18.33289909362793,-64.79409790039062,PR,R
9751494,"Dog Island, St. Thomas",18.29713888888889,-64.81775,VI,R
9751540,"Redhook Bay, St. Thomas Island",18.3267,-64.8517,VI,S
9751561,"Pavillion Point, St. Thomas",18.33989906311035,-64.85240173339844,PR,R
9751574,"Jersey Bay, St. Thomas",18.318099975585938,-64.8594970703125,PR,R
9751583,Water Bay,18.34894444444445,-64.86416666666666,VI,R
9751584,"Fredericksted, St. Croix",17.7133,-64.8833,VI,R
9751639,"CHARLOTTE AMALIE, ST. THOMAS ISLAND",18.3305833,-64.9258056,VI,R
9751693,"Magens Bay, St. Thomas",18.366300582885742,-64.9220962524414,PR,R
9751749,"Crown Bay, St. Thomas",18.33289909362793,-64.95169830322266,PR,R
9751768,"Dorothea Bay, Saint Thomas Island",18.37125,-64.96347222222222,VI,R
9751774,"Botany Bay, St. Thomas Island",18.3633,-65.035,VI,R
9752062,Culebrita,18.319400787353516,-65.23809814453125,PR,R
9752235,Culebra,18.30086111111111,-65.30247222222222,PR,R
9752426,"Punta la Plata, Vieques Island",18.116600036621094,-65.3729019165039,PR,R
9752619,"Isabel Segunda, Vieques Island",18.15252777777778,-65.44380555555556,PR,R
9752695,"Esperanza, Vieques Island",18.09386111111111,-65.47136111111111,PR,R
9752813,"Mosquito Pier, Vieques",18.14889907836914,-65.51490020751953,PR,R
9752962,Isla Palominos,18.34497222222222,-65.5695,PR,R
9752998,"Punta Arenas, Vieques Island",18.11240005493164,-65.57589721679688,PR,R
9753182,"Ceiba, Roosevelt Road",18.228099822998047,-65.61969757080078,PR,R
9753216,Fajardo,18.3352778,-65.6311111,PR,R
9753641,Naguabo,18.18705555555556,-65.71138888888889,PR,R
9753766,Luquillo,18.38170051574707,-65.73650360107422,PR,R
9754057,Palmas del Mar,18.078100204467773,-65.79560089111328,PR,R
9754228,Yabucoa Harbor,18.05508333333333,-65.833,PR,R
9754487,Puerto Maunabo,17.99139976501465,-65.88880157470703,PR,R
9754986,Boca de Cangrejos,18.456600189208984,-65.99150085449219,PR,R
9755371,SAN JUAN,18.45894444444445,-66.11641666666667,PR,R
9755679,Las Mareas,17.9283,-66.1583,PR,R
9755971,Central Aguirre,17.950000762939453,-66.22640228271484,PR,R
9756567,Boca del Cibuco,18.485200881958008,-66.3843994140625,PR,R
9756639,Santa Isabel,17.955,-66.4067,PR,R
9757487,Ponce,17.969600677490234,-66.61990356445312,PR,R
9757809,Arecibo,18.48052777777778,-66.70236111111112,PR,R
9758053,Penuelas (Punta Guayanilla),17.97252777777778,-66.76177777777778,PR,R
9758627,Guanica,17.95800018310547,-66.90679931640625,PR,R
9759110,MAGUEYES ISLAND,17.97011111111111,-67.04638888888888,PR,R
9759173,Boqueron,18.02400016784668,-67.17310333251953,PR,R
9759183,Joyuda,18.115800857543945,-67.18319702148438,PR,R
9759189,Puerto Real,18.07480555555556,-67.18877777777777,PR,R
9759197,Bahia Salinas,17.95144444444444,-67.19658333333334,PR,R
9759394,Mayaguez,18.21883333333333,-67.16244444444445,PR,R
9759412,Aguadilla,18.45663888888889,-67.16458333333334,PR,R
9759421,"Punta Guanajibo, Mayagues",18.165000915527344,-67.18170166015625,PR,R
9759866,Southeast Mona Island,18.06529998779297,-67.86609649658203,PR,R
9759938,Mona Island,18.08928888888889,-67.93820833333334,PR,R
9761115,Barbuda,17.59083366394043,-61.820556640625,,R
9812501,"Balboa, Canal Zone",8.966699600219727,-79.56670379638672,,R
9817583,"Cristobal (Colon), Panama Canal",9.350000381469727,-79.91670227050781,,R
9991474,"La Libertad, Bahia de Santa Elena",-2.20169997215271,-80.91000366210938,,R
9991475,Guayaquil,-2.2032999992370605,-79.87000274658203,,R
9992401,"San Cristobal, Galapagos islands",-0.8999999761581421,-89.61669921875,,R
TEC1603,Troy,42.71666666666667,-73.7,,S
TEC1645,Chelsea,40.6,-74.2,,S
TEC2789,Cape Hatteras,35.23333333333299,-75.516666666667,,S
TEC2791,Hatteras Inlet,35.2,-75.733333333333,,S
TEC2793,Ocracoke Inlet,35.06666666666701,-76.016666666667,,S
TEC2801,"Shell Point, Harkers Island",34.68333333333299,-76.53333333333299,,S
TEC2831,N.C. State Fisheries,34.71666666666701,-76.75,,S
TEC2837,Bogue Inlet,34.650001525878906,-77.0999984741211,,S
TEC2847,Cape Fear,33.85,-77.96666666666701,,S
TEC2863,"Castle Hayne, Northeast River",34.35,-77.933333333333,,S
TEC2929,Winyah Bay Entrance (South Jetty),33.18333333333299,-79.15,,S
TEC2937,Frazier Point,33.31666666666701,-79.28333333333299,,S
TEC2991,North Santee River Inlet,33.13333333333299,-79.25,,S
TEC3001,"Brown Island, South Santee River",33.15,-79.33333333333299,,S
TEC3011,"Cape Romain, 46 miles east of",33.1,-78.433333333333,,S
TEC3023,Jack Creek entrance,32.93333333333299,-79.58333333333299,,S
TEC3047,Sullivans Island (outer coast),32.76666666666701,-79.83333333333299,,S
TEC3061,"Shipyard Creek, 0.8 mile above entrance.",32.833333333332995,-79.95,,S
TEC3127,Folly Island (outer coast),32.65,-79.933333333333,,S
TEC3327,"Euhaw Creek, 2.5 mi. above entrance",32.435,-80.85166666666701,,S
TEC3399,Tybee Creek entrance,31.983333333332993,-80.85,,S
TEC3401,Beach Hammock,31.95,-80.933333333333,,S
TEC3403,Romerly Marsh Creek,31.933333333332993,-81.0,,S
TEC3405,Savannah Sheraton Resort Hotel,32.0,-81.0,,S
TEC3407,Thunderbolt,32.03333333333299,-81.05,,S
TEC3409,North entrance,32.06666666666701,-81.0,,S
TEC3411,"Isle of Hope, Skidaway River",31.983333333332993,-81.05,,S
TEC3413,Egg Islands,31.83333333333299,-81.08333333333299,,S
TEC3417,"Coffee Bluff, Forest River",31.933333333332993,-81.15,,S
TEC3419,"Fort McAllister, Ogeechee River",31.883333333332992,-81.21666666666701,,S
TEC3421,"Highway bridge, Ogeechee River",31.983333333332993,-81.28333333333299,,S
TEC3425,"Florida Passage, Bear River",31.816666666667007,-81.16666666666701,,S
TEC3427,Cane Patch Creek entrance,31.816666666667007,-81.15,,S
TEC3445,North Newport River,31.66666666666701,-81.266666666667,,S
TEC3447,"South Newport Cut, N. Newport River",31.66666666666701,-81.266666666667,,S
TEC3457,"Dallas Bluff, Julienton River",31.58333333333299,-81.316666666667,,S
TEC3463,Blackbeard Island,31.53333333333299,-81.2,,S
TEC3491,"Wolf Island, south end",31.33333333333299,-81.316666666667,,S
TEC3495,Hampton River entrance,31.21666666666701,-81.316666666667,,S
TEC3497,"Jones Creek entrance, Hampton River",31.3,-81.33333333333299,,S
TEC3499,St. Simons Sound Bar,31.1,-81.316666666667,,S
TEC3515,Allied Chemical Corp. docks,31.183333333332993,-81.516666666667,,S
TEC3521,"Highway bridge, South Brunswick River",31.15,-81.566666666667,,S
TEC3531,Below Spring Bluff,31.16666666666701,-81.616666666667,,S
TEC3541,Burnt Fort,30.95,-81.9,,S
TEC3693,Cape Canaveral,28.433333333332993,-80.566666666667,,S
TEC3783,"Jupiter Inlet, U.S. Highway 1 Bridge",26.948333333332993,-80.085,,S
TEC3787,Tequesta,26.95,-80.10166666666701,,S
TEC3789,"Tequesta, North Fork entrance",26.95166666666701,-80.10166666666701,,S
TEC4165,"Cape Sable, East Cape",25.116666666667008,-81.08333333333299,,S
TEC4169,Whitewater Bay,25.316666666667007,-81.03333333333299,,S
TEC4207,"Point Ybel, San Carlos Bay entrance",26.45,-82.016666666667,,S
TEC4271,Pass-a-Grille Beach,27.683333333332993,-82.733333333333,,S
TEC4299,Suwannee River entrance,29.28333333333299,-83.15,,S
TEC4301,Pepperfish Keys,29.5,-83.366666666667,,S
TEC4305,Fishermans Rest,29.733333333332993,-83.53333333333299,,S
TEC4309,Rock Islands,29.966699600219727,-83.83329772949219,,S
TEC4383,"Milton, Blackwater River",30.616666666667008,-87.03333333333299,,S
TEC4445,Paris Road Bridge (ICWW),30.0,-89.933333333333,,S
TEC4455,"Bayou Rigaud, Grand Isle",29.266666666667007,-89.96666666666701,,S
TEC4513,"Texas City, Turning Basin",29.383333333332992,-94.883333333333,,S
TEC4525,"Gilchrist, East Bay",29.516666666667007,-94.483333333333,,S
TEC4605,Ireland Island,32.31666666666701,-64.83333333333299,,S
TEC4609,Guinchos Cay,22.75,-78.116666666667,,S
TEC4611,"Elbow Cay, Cay Sal Bank",23.95,-80.46666666666701,,S
TEC4613,"Fresh Creek, Andros Island",24.733333333332993,-77.8,,S
TEC4615,North Cat Cay,25.55,-79.28333333333299,,S
TEC4617,North Bimini,25.733333333332993,-79.3,,S
TEC4619,Memory Rock,26.95,-79.116666666667,,S
TEC4621,Pelican Harbor,26.383333333332992,-76.96666666666701,,S
TEC4623,"Nassau, New Providence Island",25.08333333333299,-77.35,,S
TEC4625,"Eleuthera Island, west coast",25.25,-76.316666666667,,S
TEC4627,"Eleuthera Island, east coast",24.933333333332993,-76.15,,S
TEC4629,"The Bight, Cat Island",24.316666666667007,-75.433333333333,,S
TEC4631,San Salvador,24.05,-74.55,,S
TEC4633,"Clarence Harbor, Long Island",23.1,-74.983333333333,,S
TEC4635,Nurse Channel,22.516666666667007,-75.85,,S
TEC4637,"Datum Bay, Acklin Island",22.16666666666701,-74.3,,S
TEC4639,"Mathew Town, Great Inagua Island",20.95,-73.683333333333,,S
TEC4641,"Abraham Bay, Mayaguana Island",22.366666666667008,-73.0,,S
TEC4643,"Hawks Nest Anchorage, Turks Islands",21.433333333332993,-71.116666666667,,S
TEC4645,La Isabela,22.933333333332993,-80.0,,S
TEC4647,Bahia de Nuevitas entrance,21.63330078125,-77.11669921875,,S
TEC4649,"Nuevitas, Bahia de Nuevitas",21.58333333333299,-77.25,,S
TEC4651,Puerto Padre,21.233333333332993,-76.55,,S
TEC4653,Puerto de Gibara,21.116666666667008,-76.116666666667,,S
TEC4655,Bahia de Nipe entrance,20.78333333333299,-75.566666666667,,S
TEC4657,"Antilla, Bahia de Nipe",20.83333333333299,-75.733333333333,,S
TEC4659,Bahia de Levisa entrance,20.75,-75.46666666666701,,S
TEC4661,"Sagua de Tanamo, Bahia de",20.71666666666701,-75.316666666667,,S
TEC4663,Baracoa,20.35,-74.5,,S
TEC4665,Punta Maisi,20.25,-74.133333333333,,S
TEC4667,Guantanamo Bay,19.9,-75.15,,S
TEC4669,Puerto de Santiago de Cuba,19.983333333332993,-75.866666666667,,S
TEC4671,Puerto de Pilon,19.9,-77.316666666667,,S
TEC4673,"Manzanillo, Golfo de Guacanayabo",20.35,-77.116666666667,,S
TEC4675,Casilda,21.75,-79.983333333333,,S
TEC4677,Punta Pasacaballos,22.066666666667007,-80.45,,S
TEC4679,Cienfuegos,22.133333333332992,-80.45,,S
TEC4681,"Carapachibey, Isla de Pinos",21.45,-82.91666666666701,,S
TEC4683,La Coloma,22.233333333332993,-83.566666666667,,S
TEC4685,Cabo San Antonio,21.866666666667008,-84.96666666666701,,S
TEC4687,Bahia Honda,22.96666666666701,-83.21666666666701,,S
TEC4689,Havana,23.15,-82.33333333333299,,S
TEC4691,Matanzas,23.066666666667007,-81.53333333333299,,S
TEC4693,Cardenas,23.066666666667007,-81.2,,S
TEC4695,Port Morant,17.883333333332992,-76.33333333333299,,S
TEC4697,Port Royal,17.933333333332993,-76.85,,S
TEC4701,South Negril Point,18.3,-78.4,,S
TEC4703,Montego Bay,18.46666666666701,-77.91666666666701,,S
TEC4705,St. Anns Bay,18.41666666666701,-77.233333333333,,S
TEC4707,Grand Cayman,19.33333333333299,-81.33333333333299,,S
TEC4709,Port-au-Prince,18.55,-72.35,,S
TEC4711,"Massacre, Riviere du entrance",19.71666666666701,-71.766666666667,,S
TEC4713,Puerto Plata,19.816666666667007,-70.7,,S
TEC4715,Santa Barbara de Samana,19.2,-69.33333333333299,,S
TEC4717,Sanchez,19.21666666666701,-69.6,,S
TEC4723,Santo Domingo,18.45,-69.883333333333,,S
TEC4727,Jacmel,18.21666666666701,-72.566666666667,,S
TEC4733,Playa de Ponce,17.96666666666701,-66.616666666667,,S
TEC4735,Playa Cortada,17.983333333332993,-66.45,,S
TEC4737,Arroyo,17.96666666666701,-66.066666666667,,S
TEC4749,"Ensenada Honda, Culebra Island",18.3,-65.28333333333299,,S
TEC4765,St. Barthelemy,17.9,-62.85,,S
TEC4769,"Pointe-a-Pitre, Guadeloupe",16.233333333332993,-61.53333333333299,,S
TEC4771,"Roseau, Dominica",15.3,-61.4,,S
TEC4775,"Castries, St. Lucia",14.016666666666993,-61.0,,S
TEC4777,"Vieux Fort Bay, St. Lucia",13.733333333333007,-60.96666666666701,,S
TEC5647,Belize City,17.5,-88.18299865722656,,S
TEC5649,Punta Gorda,16.100000381469727,-88.81670379638672,,S
TEC5651,Rio Dulce entrance,15.83329963684082,-88.81670379638672,,S
TEC5655,"Port Royal, Isla de Roatan",16.399999618530273,-86.33300018310547,,S
TEC5657,Puerto Castilla,16.0,-86.03299713134766,,S
TEC5661,"Harbor Bay, Great Swan Island",17.399999618530273,-83.93299865722656,,S
TEC5663,Cabo Gracias a Dios,15.0,-83.16699981689453,,S
TEC5669,Isla del Maiz Grande,12.166999816894531,-83.05000305175781,,S
TEC5671,Bluefields Lagoon Entrance,12.0,-83.69999694824219,,S
TEC5673,San Juan del Norte (Greytown),10.916999816894531,-83.69999694824219,,S
TEC5677,"Boca del Toro, Almirante Bay",9.350000381469727,-82.25,,S
TEC5681,Bahia de Caledonia,8.899999618530273,-77.68329620361328,,S
TPT2621,Pagan Island,18.1333,145.76666,,S
TPT2623,"Saipan Harbor, Saipan Island",15.2,145.71666666667008,,S
TPT2625,Tinian Island,14.966666666667008,145.61666666667008,,S
TPT2627,Rota Island,14.1333,145.1333,,S
TPT2631,Shonian Harbor,7.050000190734863,134.26669311523438,,S
TPT2637,West Passage,7.5,134.51669311523438,,S
TPT2639,Ngulu Islands,8.300000190734863,137.48330688476562,,S
TPT2647,Ifalik Atoll,7.25,144.45,,S
TPT2651,Pulap Atoll,7.633333333333304,149.41666666667007,,S
TPT2653,Namonuito Atoll,8.583333333333297,149.65,,S
TPT2655,"Nomwin Atoll, Hall Islands",8.45,151.78333333332992,,S
TPT2657,"Murilo Atoll, Hall Islands",8.6,152.25,,S
TPT2659,"Moen Island, Truk Islands",7.45,151.85,,S
TPT2661,"Dublon Island, Truk Islands",7.366666666666704,151.88333333332992,,S
TPT2663,Losap Atoll,6.9,152.7333333333299,,S
TPT2665,Namoluk Atoll,5.9,153.13333333332992,,S
TPT2667,"Satawan Anchorage, Nomoi Islands",5.333333333333304,153.7333333333299,,S
TPT2687,Bikini Atoll,11.6,165.55,,S
TPT2689,"Eniirikku Island, Bikini Atoll",11.5,165.33333333332993,,S
TPT2691,"Rongelap Island, Rongelap Atoll",11.15,166.9,,S
TPT2693,Rongerik Atoll,11.383333333333008,167.5166666666701,,S
TPT2695,Ujae Atoll,9.033333333333296,165.6,,S
TPT2697,Kwajalein Atoll (Namur Island),9.4,167.4833333333299,,S
TPT2701,Ailinglapalap Atoll,7.283333333333304,168.75,,S
TPT2703,Jaluit Atoll (SE Pass),5.916666666666696,169.65,,S
TPT2705,Ebon (Boston) Atoll,4.6,168.68333333332993,,S
TPT2707,Taongi Atoll,14.566666666667007,168.95,,S
TPT2709,Bikar (Dawson) Atoll,12.25,170.13333333332992,,S
TPT2711,Ailuk Atoll,10.216666666667008,169.9833333333299,,S
TPT2713,Likiep Atoll,9.816666666666704,169.31666666667007,,S
TPT2715,Wotje Atoll,9.466666666666704,170.2333333333299,,S
TPT2717,Erikub Atoll,9.2,169.91666666667007,,S
TPT2719,Maloelap Atoll,8.716666666666704,171.2333333333299,,S
TPT2721,Majuro Atoll,7.116666666666704,171.36666666667008,,S
TPT2723,Arno Atoll,7.133333333333304,171.7,,S
TPT2725,"Port Rhin, Mili Atoll",6.233333333333296,171.8,,S
TPT2727,Makin Atoll,3.0333333333333,172.8,,S
TPT2729,Tarawa Atoll,1.3666666666667,172.93333333332993,,S
TPT2731,Abemama Atoll,0.46666666666667,173.83333333332993,,S
TPT2733,Nonouti Atoll,-0.66666666666667,174.45,,S
TPT2735,Ocean Island,-0.86666666666667,169.58333333332993,,S
TPT2737,Howland Island,0.8,-176.63333333332992,,S
TPT2739,Palmyra Island,5.883333333333304,-162.08333333332993,,S
TPT2743,Fanning Island,3.85,-159.36666666667008,,S
TPT2777,"Waikane, Kaneohe Bay",21.5,-157.85,,S
TPT2779,Laie Bay,21.65,-157.93333333332993,,S
TPT2797,"Kihei, Maalaea Bay",20.78333333333299,-156.46666666667008,,S
TPT2799,Lahaina,20.883333333332992,-156.68333333332993,,S
TPT2803,Smuggler Cove,20.516666666667007,-156.68333333332993,,S
TPT2819,Easter Island (Chile),-27.13333333333333,-109.45,,S
TPT2821,Caroline Island,-10.0,-150.233333,,S
TPT2823,Penrhyn (Tongareva Island),-9.0,-157.98333,,S
TPT2825,Manihiki,-10.4166666,-161.01666666,,S
TPT2827,Pukapuka,-10.86666666666667,-165.8666666666667,,S
TPT2829,Suwarrow (Suvarov) Island,-13.21660041809082,-163.14999389648438,,S
TPT2831,"Taio Hae Bay, Nuku Hiva Island",-8.933333333333334,-140.1,,S
TPT2833,"Vai Tahu, Tahu Ata Island",-9.933333333333334,-139.1,,S
TPT2835,Mangareva Island,-23.13333333333333,-134.9666666666667,,S
TPT2837,Hao (Bow or La Harpe) Island,-18.06666666666667,-140.9833333333333,,S
TPT2839,Rahiroa (Rangiroa) Island,-14.95,-147.7333333333333,,S
TPT2847,Rapa (Oparo) Island,-27.6,-144.2833333333333,,S
TPT2849,Tubuai Island,-23.36666666666667,-149.4666666666667,,S
TPT2851,Aitutaki Island,-18.85,-159.7833333,,S
TPT2853,"Avarua, Rarotonga",-21.18333333333333,-159.7666666666667,,S
TPT2855,Canton Island,-2.799999952316284,-171.71670532226562,,S
TPT2857,Fakaofo Island,-9.383299827575684,-171.25,,S
TPT2859,"Asau Harbor, Savaii Island",-13.5,-172.6333333333333,,S
TPT2865,"Tau Island, Manua Islands",-14.21666666666667,-169.5333333333333,,S
TPT2869,"Tailevu, Viti Levu Island",-17.63333333333333,-178.5666666666667,,S
TPT2871,"Nandi Waters, Viti Levu",-17.75,-177.4166666666667,,S
TPT2873,"Ngaloa Harbor, Kandavu Island",-19.06666666666667,178.1666666666667,,S
TPT2875,Matuku Island,-19.16666666666667,179.75,,S
TPT2877,Totoya Island,-18.96666666666667,-179.81,,S
TPT2879,Moala Island,-18.51666666666667,179.9666666666667,,S
TPT2883,Ngau Island,-18.0,179.2166666666667,,S
TPT2885,Nairai Island,-17.8,179.3666666666667,,S
TPT2887,"Levuka, Ovalau Island",-17.66666666666667,178.8333333333333,,S
TPT2889,"Nandi, Vanua Levu Island",-16.96666666666667,178.7666666666667,,S
TPT2891,Niue Island (N.Z.),-19.03333333333299,169.91666666667007,,S
TPT2893,Neiafu,-18.65,6.016666666670088,,S
TPT2895,Lifuka Island,-19.8,-174.35,,S
TPT2897,Nomuka,-20.26666666666667,174.79,,S
TPT2899,Nukualofa,-21.13333333333333,-175.2,,S
TPT2905,Raoul or Sunday Island,-29.25,-177.93,,S
TWC0261,Puerto Bolivar,-3.2669999599456787,-80.01699829101562,,S
TWC0263,Puna,-2.7330000400543213,-79.91699981689453,,S
TWC0269,Puerto de Cayo,-1.350000023841858,-80.75,,S
TWC0271,Bahia Manta,-0.949999988079071,-80.73300170898438,,S
TWC0273,Rio Chone,-0.5830000042915344,-80.43299865722656,,S
TWC0275,Cabo Pasado,-0.3499999940395355,-80.51699829101562,,S
TWC0277,Rio Santiago,1.2170000076293945,-79.11699676513672,,S
TWC0279,San Lorenzo,1.25,78.83300018310547,,S
TWC0283,Isla Santa maria,-1.2330000400543213,-90.44999694824219,,S
TWC0285,"Bahia Isabela, Isla Isabela",-0.6000000238418579,-91.08300018310547,,S
TWC0287,"Caleta Tagus, Isla Isabel",-0.25,-91.36699676513672,,S
TWC0289,"Bahia de Perry, Isla Isabela",-0.5669999718666077,-90.96700286865234,,S
TWC0291,"Caleta Aeolian, Isla Baltra",-0.43299999833106995,-90.28299713134766,,S
TWC0293,"Bahia de Darwin, Isla Genovesa",0.31700000166893005,-89.94999694824219,,S
TWC0313,Bahia Pina,7.566999912261963,-78.18299865722656,,S
TWC0315,Punta Garachine,8.083000183105469,-78.41699981689453,,S
TWC0317,Isla del Rey,8.300000190734863,-78.9000015258789,,S
TWC0319,Rio Chepo,8.982999801635742,-79.11699676513672,,S
TWC0323,Naos Island,8.916999816894531,-79.53299713134766,,S
TWC0325,Taboga,8.800000190734863,-79.55000305175781,,S
TWC0327,Bahia de Chame,8.682999610900879,-79.75,,S
TWC0329,Punta Mala,7.4670000076293945,-80.0,,S
TWC0331,Isla Cebaco,7.517000198364258,-81.21700286865234,,S
TWC0333,Bahia Honda,7.767000198364258,-81.51699829101562,,S
TWC0335,Isla Parida,8.133000373840332,-82.31700134277344,,S
TWC0337,Puerto Armuelles,8.267000198364258,-82.86699676513672,,S
TWC0339,"Golfito, Golfo Dulce",8.649999618530273,-83.18299865722656,,S
TWC0341,Bahia Uvita,9.149999618530273,-83.75,,S
TWC0343,Quepos,9.399999618530273,-84.16699981689453,,S
TWC0345,Puerto Herradura,9.649999618530273,-84.66699981689453,,S
TWC0349,Bahia de Culebra,10.633000373840332,-85.66699981689453,,S
TWC0351,Golfo Elena,10.932999610900879,-85.81700134277344,,S
TWC0353,Cocos Island,5.550000190734863,-86.98300170898438,,S
TWC0355,Puerto Somoza,12.199999809265137,-86.76699829101562,,S
TWC0357,San Juan del Sur,11.25,-85.88300323486328,,S
TWC0359,Corinto (Isla Cardon),12.482999801635742,-87.16699981689453,,S
TWC0361,Amapala,13.300000190734863,-87.6500015258789,,S
TWC0365,La Libertad,13.333000183105469,-87.81700134277344,,S
TWC0367,Acajutla,13.583000183105469,-89.8499984741211,,S
TWC0369,Puerto de San Jose,13.916999816894531,-90.83300018310547,,S
TWC0371,Champerico,14.300000190734863,-91.93299865722656,,S
TWC0373,Puerto Angel,15.649999618530273,-96.5,,S
TWC0377,Acapulco,16.83300018310547,-99.91699981689453,,S
TWC0379,Manzanillo,19.049999237060547,-104.33300018310547,,S
TWC0381,Puerto Vallarta,20.617000579833984,-105.25,,S
TWC0383,Isla Socorro,18.732999801635742,-111.01699829101562,,S
TWC0385,Mazatlan,23.200000762939453,-106.41699981689453,,S
TWC0387,Topolobampo,25.600000381469727,-109.05000305175781,,S
TWC0389,Puerto Penasco,31.299999237060547,-113.55000305175781,,S
TWC0397,La Paz,24.16699981689453,-110.3499984741211,,S
TWC0399,San Carlos,24.78333333333299,-112.11666666666996,,S
TWC0401,Isla Guadalupe,28.883333333332992,-116.3,,S
TWC0403,"Ensenada, Todos Santos Bay",31.85,-116.63333333333004,,S
TWC0405,Point Loma,32.666666666667005,-117.23333333333005,,S
TWC0413,"Quivira Basin, Mission Bay",32.76666666666701,-117.23333333333005,,S
TWC0419,San Clemente,33.416666666667005,-117.61666666666996,,S
TWC0427,Los Patos (highway bridge),33.71666666666701,-118.05,,S
TWC0439,"Los Angeles Harbor, Mormon Island",33.75,-118.26666666666995,,S
TWC0445,Mugu Lagoon (ocean pier),34.1,-119.1,,S
TWC0463,Santa Barbara Island,33.48333333333299,-119.03333333333005,,S
TWC0473,Point Arguello,34.583333333332995,-120.65,,S
TWC0547,"Roberts Landing, 1.3 miles west of",37.666666666667005,-122.2,,S
TWC0649,"Lakeville, Petaluma River",38.2,-122.56666666666995,,S
TWC0771,Point Arena,38.95,-123.73333333333005,,S
TWC0777,"Mendocino, Mendocino Bay",39.3,-123.8,,S
TWC0817,"Wedderburn, Rogue River",42.43333333333299,-124.41666666666995,,S
TWC0831,Gardiner,43.73333333333299,-124.11666666666996,,S
TWC0857,Nestucca Bay entrance,45.166666666667005,-123.96666666666995,,S
TWC0863,Miami Cove,45.55,-123.9,,S
TWC0865,Bay City,45.51666666666701,-123.9,,S
TWC0881,"Point Adams, Oreg.",46.2,-123.95,,S
TWC0883,"Warrenton, Skipanon River, Oreg.",46.166666666667005,-123.91666666666995,,S
TWC0895,"Harrington Point, Wash.",46.26666666666701,-123.65,,S
TWC0933,Tarlatt Slough,46.37,-124.005,,S
TWC0940,"Mailboat Slough, Willapa River",46.68833333333299,-123.81666666666995,,S
TWC0959,"Montesano, Chehalis River",46.96833333333299,-123.6,,S
TWC0965,Destruction Island,47.666666666667005,-124.48333333333005,,S
TWC1115,"Rocky Point, Eld Inlet",47.081666666667005,-123.005,,S
TWC1125,"Marysville, Quilceda Creek",48.045,-122.21166666666996,,S
TWC1131,"Stanwood, Stillaguamish River",48.21666666666667,-122.3666666666667,,S
TWC1165,Peavine Pass,48.6,-122.8,,S
TWC1173,Point Migley,48.75,-122.71666666666995,,S
TWC1189,Ferndale,48.83330154418945,-122.7166976928711,,S
TWC1487,Tah Bay,54.833333333332995,-132.33333333332993,,S
TWC1513,"Kasook Inlet, Sukkwan Island",55.01666666666701,-132.78333333332992,,S
TWC1579,"Cyrus Cove, Sea Otter Sound",55.916666666667005,-133.4,,S
TWC1583,Marble Island,56.0,-133.46666666667008,,S
TWC1593,"Port McArthur, Kuiu Island",56.06666666666701,-134.11666666667008,,S
TWC1657,"Ideal Cove, Mitkof Island",56.666666666667005,-132.63333333332992,,S
TWC1659,Brown Cove,56.88333333333299,-132.8,,S
TWC1663,"Portage Bay, Kupreanof Island",57.0,-133.31666666667007,,S
TWC1669,"Eliza Harbor, Liesnoi Island",57.166666666667005,-134.28333333332992,,S
TWC1673,"Port Houghton, Robert Islands",57.3,-133.46666666667008,,S
TWC1683,"Windfall Harbor, Seymour Canal",57.86666666666701,-134.2666666666701,,S
TWC1687,"Port Snettisham, Point Styleman",57.96666666666701,-133.88333333332992,,S
TWC1697,"Fritz Cove, Douglas Island",58.31666666666701,-134.6,,S
TWC1723,"Tebenkof Bay, Kuiu Island",56.416666666667005,-134.13333333332992,,S
TWC1731,"Whitewater Bay, Admiralty Island",57.23333333333299,-134.6,,S
TWC1735,Point Thatcher,57.416666666667005,-134.85,,S
TWC1739,Favorite Bay,57.48333333333299,-134.55,,S
TWC1741,Mitchell Bay,57.53333333333299,-134.4,,S
TWC1743,"Freshwater Bay, Chichagof Island",57.85,-135.0166666666701,,S
TWC1783,Point Elizabeth,57.51666666666701,-135.28333333332992,,S
TWC1785,Lindenburg Head,57.45,-135.03333333332992,,S
TWC1787,Fairway Island,57.45,-134.88333333332992,,S
TWC1789,"Falcon Arm, Slocum Arm",57.55,-135.93333333332993,,S
TWC1863,"Wingham Island, Controller Bay",60.05,-144.4,,S
TWC1867,Pete Dahl Slough,60.38333333333299,-145.4,,S
TWC1869,Eyak River entrance,60.46666666666701,-145.66666666667007,,S
TWC1875,Gravel Point,60.46666666666701,-145.96666666667008,,S
TWC1879,Orca,60.583333333332995,-145.71666666667008,,S
TWC1881,"Windy Bay, Hawkins Island",60.56666666666701,-145.96666666667008,,S
TWC1887,Port Etches,60.333333333332995,-146.55,,S
TWC1893,Hanning Bay,59.95,-147.68333333332993,,S
TWC1907,Smith Island,60.53333333333299,-147.31666666667007,,S
TWC1909,"Snug Corner Cove, Port Fidalgo",60.73333333333299,-146.65,,S
TWC1979,Cape Ninilchik,60.01666666666701,-151.71666666667008,,S
TWC1983,Kenai River entrance,60.55,-151.28333333332992,,S
TWC1989,East Foreland,60.71666666666701,-151.41666666667007,,S
TWC2009,Iliamna Bay,59.61666666666701,-153.58333333332993,,S
TWC2021,"Marmot Island, Marmot Strait",58.23333333333299,-151.86666666667008,,S
TWC2023,Izhut Bay,58.21666666666701,-152.31666666667007,,S
TWC2025,"Kazakof Bay, Marmot Bay",58.13333333333299,-152.56666666667007,,S
TWC2031,Kizhuyak Point,57.9,-152.65,,S
TWC2047,Three Saints Bay,57.11666666666701,-153.5166666666701,,S
TWC2051,Sitkinak Lagoon,56.5,-154.13333333332992,,S
TWC2067,Village Islands,57.78333333333299,-153.55,,S
TWC2069,Northeast Arm,57.73333333333299,-153.33333333332993,,S
TWC2071,Uganik Passage,57.8,-153.3,,S
TWC2073,Viekoda Bay,57.9,-153.16666666667007,,S
TWC2075,Onion Bay,58.05,-153.2333333333299,,S
TWC2077,Dry Spruce Island,57.95,-153.03333333332992,,S
TWC2085,"Malina Bay, Shelikof Strait",58.18333333333299,-152.95,,S
TWC2095,"Katmai Bay, Shelikof Strait",58.0,-154.9833333333299,,S
TWC2101,"Lees Cabins, Wide Bay",57.43333333333299,-156.3,,S
TWC2105,Three Star Point,55.9,-159.16666666667007,,S
TWC2111,"Fox Bay, Kupreanof Peninsula",55.63333333333299,-159.61666666667008,,S
TWC2119,"Mist Harbor, Nagai Island",55.13333333333299,-159.85,,S
TWC2175,"Malga Bay, Unalga Island",53.98333333333299,-166.16666666667007,,S
TWC2187,Kashega Bay,53.46666666666701,-167.08333333332993,,S
TWC2193,Eagle Bay,53.48333333333299,-166.93333333332993,,S
TWC2223,"Herbert Island, west side",52.71666666666701,-170.15,,S
TWC2229,"Amukta Island, north side",52.51666666666701,-171.2333333333299,,S
TWC2297,Gareloi Island,51.75,-178.8,,S
TWC2303,"Constantine Harbor, Amchitka Island",51.41669845581055,179.28329467773438,,S
TWC2305,"Gertrude Cove, Kiska Island",51.93330001831055,177.4499969482422,,S
TWC2307,"Kiska Harbor, Kiska Island",51.983299255371094,177.5500030517578,,S
TWC2309,"Alcan Harbor, Shemya Island",52.71670150756836,174.0666961669922,,S
TWC2311,"Otkriti Bay, Agattu Island",52.36669921875,173.61669921875,,S
TWC2315,Chichagof Harbor,52.91669845581055,173.21670532226562,,S
TWC2317,Holtz Bay,52.91669845581055,173.1667022705078,,S
TWC2319,Steller Cove,52.96670150756836,172.89999389648438,,S
TWC2321,Etienne Bay,52.91669845581055,-172.61669921875,,S
TWC2405,"Apoon Mouth, Yukon River",63.05,-163.38333333332992,,S
TWC2423,Flaxman Island,70.183333333333,-145.83333333332993,,S
